ConnectorChannelNum,DeviceChannelNum,PackageID,SiteOrientationNum
1,13,16,6
1,16,15,8
1,12,14,4
1,9,13,12
1,10,12,10
1,11,11,2
1,14,10,14
1,15,9,16
1,7,8,15
1,6,7,13
1,3,6,1
1,2,5,9
1,8,4,11
1,5,3,3
1,4,2,7
1,1,1,5
2,13,16,15
2,16,15,13
2,12,14,16
2,9,13,12
2,10,12,10
2,11,11,14
2,14,10,11
2,15,9,9
2,7,8,6
2,6,7,8
2,3,6,1
2,2,5,5
2,8,4,7
2,5,3,3
2,4,2,2
2,1,1,4
3,13,16,9
3,16,15,13
3,12,14,15
3,9,13,12
3,10,12,16
3,11,11,11
3,14,10,14
3,15,9,10
3,7,8,3
3,6,7,7
3,3,6,2
3,2,5,5
3,8,4,1
3,5,3,6
3,4,2,8
3,1,1,4
4,1,1,1
4,13,16,16
4,16,15,14
4,12,14,13
4,9,13,9
4,10,12,11
4,11,11,15
4,14,10,12
4,15,9,10
4,7,8,7
4,6,7,5
4,3,6,2
4,2,5,6
4,8,4,8
4,5,3,4
4,4,2,3
5,1,3,5
5,2,15,4
5,3,11,12
5,4,6,11
5,5,2,3
5,7,12,10
5,8,5,9
5,9,13,8
5,10,8,15
5,11,4,7
5,12,9,16
5,13,14,6
5,6,16,2
5,14,7,13
5,15,1,1
5,16,10,14
6,1,3,4
6,11,4,2
6,5,2,3
6,4,6,7
6,8,5,5
6,15,1,1
6,14,7,8
6,10,8,6
6,12,9,9
6,16,10,11
6,6,16,14
6,7,12,10
6,3,11,12
6,2,15,16
6,9,13,13
6,13,14,15
7,1,3,4
7,11,4,8
7,5,2,6
7,4,6,1
7,8,5,5
7,15,1,2
7,14,7,7
7,10,8,3
7,12,9,10
7,16,10,14
7,6,16,11
7,7,12,16
7,3,11,12
7,2,15,15
7,9,13,13
7,13,14,9
8,1,3,1
8,11,4,3
8,5,2,4
8,4,6,8
8,8,5,6
8,15,1,2
8,14,7,5
8,10,8,7
8,12,9,10
8,16,10,12
8,6,16,15
8,7,12,11
8,3,11,9
8,2,15,13
8,9,13,14
8,13,14,16
9,12,1,15
9,10,2,13
9,14,3,11
9,4,4,9
9,8,5,7
9,15,6,5
9,5,7,3
9,1,8,1
9,11,9,2
9,9,10,4
9,13,11,6
9,2,12,8
9,6,13,10
9,7,14,12
9,3,15,14
9,16,16,16
10,12,1,6
10,10,2,8
10,14,3,7
10,4,4,5
10,8,5,2
10,15,6,4
10,5,7,3
10,1,8,1
10,11,9,14
10,9,10,16
10,13,11,15
10,2,12,13
10,6,13,10
10,7,14,12
10,3,15,11
10,16,16,9
11,12,1,3
11,10,2,7
11,14,3,1
11,4,4,5
11,8,5,8
11,15,6,4
11,5,7,6
11,1,8,2
11,11,9,11
11,9,10,15
11,13,11,9
11,2,12,13
11,6,13,16
11,7,14,12
11,3,15,14
11,16,16,10
12,12,1,7
12,10,2,5
12,14,3,8
12,4,4,6
12,8,5,3
12,15,6,1
12,5,7,4
12,1,8,2
12,11,9,15
12,9,10,13
12,13,11,16
12,2,12,14
12,6,13,11
12,7,14,9
12,3,15,12
12,16,16,10
13,27,6,11
13,21,9,16
13,19,10,14
13,17,11,12
13,23,13,8
13,25,14,6
13,29,12,10
13,28,15,4
13,30,5,9
13,24,1,1
13,20,2,3
13,26,3,5
13,18,7,13
13,22,4,7
13,32,16,2
13,31,8,15
14,24,1,1
14,30,5,5
14,26,3,4
14,22,4,2
14,20,2,3
14,31,8,6
14,18,7,8
14,27,6,7
14,19,10,11
14,32,16,14
14,29,12,10
14,21,9,9
14,17,11,12
14,28,15,16
14,25,14,15
14,23,13,13
15,27,6,1
15,21,9,10
15,19,10,14
15,17,11,12
15,23,13,13
15,25,14,9
15,29,12,16
15,28,15,15
15,30,5,5
15,24,1,2
15,20,2,6
15,26,3,4
15,18,7,7
15,22,4,8
15,32,16,11
15,31,8,3
16,22,4,3
16,24,1,2
16,30,5,6
16,26,3,1
16,27,6,8
16,20,2,4
16,31,8,7
16,18,7,5
16,21,9,10
16,19,10,12
16,32,16,15
16,29,12,11
16,23,13,14
16,17,11,9
16,28,15,13
16,25,14,16
17,6,1,15
17,2,2,13
17,13,3,11
17,9,4,9
17,11,5,7
17,1,6,5
17,5,7,3
17,15,8,1
17,8,9,2
17,4,10,4
17,14,11,6
17,10,12,8
17,12,13,10
17,16,14,12
17,3,15,14
17,7,16,16
18,6,1,6
18,2,2,8
18,13,3,7
18,9,4,5
18,11,5,2
18,1,6,4
18,5,7,3
18,15,8,1
18,8,9,14
18,4,10,16
18,14,11,15
18,10,12,13
18,12,13,10
18,16,14,12
18,3,15,11
18,7,16,9
19,6,1,3
19,2,2,7
19,13,3,1
19,9,4,5
19,11,5,8
19,1,6,4
19,5,7,6
19,15,8,2
19,8,9,11
19,4,10,15
19,14,11,9
19,10,12,13
19,12,13,16
19,16,14,12
19,3,15,14
19,7,16,10
20,6,1,7
20,2,2,5
20,13,3,8
20,9,4,6
20,11,5,3
20,1,6,1
20,5,7,4
20,15,8,2
20,8,9,15
20,4,10,13
20,14,11,16
20,10,12,14
20,12,13,11
20,16,14,9
20,3,15,12
20,7,16,10
21,13,1,1
21,12,2,3
21,16,3,5
21,9,4,7
21,2,5,9
21,10,6,11
21,3,7,13
21,14,8,15
21,6,9,17
21,4,10,19
21,7,11,21
21,8,12,23
21,11,13,25
21,1,14,27
21,5,15,29
21,15,16,31
21,24,17,32
21,30,18,30
21,26,19,28
21,20,20,26
21,31,21,24
21,21,22,22
21,27,23,20
21,18,24,18
21,17,25,16
21,22,26,14
21,19,27,12
21,25,28,10
21,23,29,8
21,29,30,6
21,28,31,4
21,32,32,2
22,9,4,7
22,12,2,3
22,16,3,5
22,11,13,8
22,2,5,9
22,10,6,11
22,3,7,13
22,14,8,15
22,6,9,16
22,4,10,14
22,7,11,12
22,8,12,10
22,1,14,6
22,5,15,4
22,15,16,2
22,13,1,1
22,24,17,17
22,30,18,19
22,26,19,21
22,20,20,23
22,31,21,25
22,21,22,27
22,27,23,29
22,18,24,31
22,17,25,32
22,22,26,30
22,19,27,28
22,25,28,26
22,23,29,24
22,29,30,22
22,28,31,20
22,32,32,18
23,13,1,1
23,12,2,3
23,16,3,5
23,9,4,7
23,2,5,8
23,10,6,6
23,3,7,4
23,14,8,2
23,6,9,9
23,4,10,11
23,7,11,13
23,8,12,15
23,11,13,16
23,1,14,14
23,5,15,12
23,15,16,10
23,24,17,17
23,30,18,19
23,26,19,21
23,20,20,23
23,31,21,24
23,21,22,22
23,27,23,20
23,18,24,18
23,17,25,25
23,22,26,27
23,19,27,29
23,25,28,31
23,23,29,32
23,29,30,30
23,28,31,28
23,32,32,26
24,13,1,1
24,12,2,3
24,16,3,4
24,9,4,2
24,2,5,5
24,10,6,7
24,3,7,8
24,14,8,6
24,6,9,9
24,4,10,11
24,7,11,12
24,8,12,10
24,11,13,13
24,1,14,15
24,5,15,16
24,15,16,14
24,24,17,17
24,30,18,19
24,26,19,20
24,20,20,18
24,31,21,21
24,21,22,23
24,27,23,24
24,18,24,22
24,17,25,25
24,22,26,27
24,19,27,28
24,25,28,26
24,23,29,29
24,29,30,31
24,28,31,32
24,32,32,30
25,13,1,2
25,12,2,6
25,16,3,4
25,9,4,8
25,2,5,5
25,10,6,1
25,3,7,7
25,14,8,3
25,6,9,10
25,4,10,14
25,7,11,12
25,8,12,16
25,11,13,13
25,1,14,9
25,5,15,15
25,15,16,11
25,24,17,18
25,30,18,22
25,26,19,20
25,20,20,24
25,31,21,21
25,21,22,17
25,27,23,23
25,18,24,19
25,17,25,26
25,22,26,30
25,19,27,28
25,25,28,32
25,23,29,29
25,29,30,25
25,28,31,31
25,32,32,27
26,13,1,2
26,12,2,4
26,16,3,1
26,9,4,3
26,2,5,6
26,10,6,8
26,3,7,5
26,14,8,7
26,6,9,10
26,4,10,12
26,7,11,9
26,8,12,11
26,11,13,14
26,1,14,16
26,5,15,13
26,15,16,15
26,24,17,18
26,30,18,20
26,26,19,17
26,20,20,19
26,31,21,22
26,21,22,24
26,27,23,21
26,18,24,23
26,17,25,26
26,22,26,28
26,19,27,25
26,25,28,27
26,23,29,30
26,29,30,32
26,28,31,29
26,32,32,31
27,13,1,1
27,9,2,3
27,16,3,5
27,11,4,7
27,12,5,9
27,1,6,11
27,10,7,13
27,5,8,15
27,14,9,17
27,15,10,19
27,4,11,21
27,8,12,23
27,3,13,25
27,7,14,27
27,2,15,29
27,6,16,31
27,32,17,32
27,28,18,30
27,29,19,28
27,25,20,26
27,24,21,24
27,30,22,22
27,31,23,20
27,26,24,18
27,27,25,16
27,20,26,14
27,21,27,12
27,18,28,10
27,17,29,8
27,22,30,6
27,19,31,4
27,23,32,2
27,28,26,27
28,13,1,1
28,9,2,3
28,16,3,5
28,11,4,7
28,12,5,9
28,1,6,11
28,10,7,13
28,5,8,15
28,14,9,16
28,15,10,14
28,4,11,12
28,8,12,10
28,3,13,8
28,7,14,6
28,2,15,4
28,6,16,2
28,32,17,17
28,28,18,19
28,29,19,21
28,25,20,23
28,24,21,25
28,30,22,27
28,31,23,29
28,26,24,31
28,27,25,32
28,20,26,30
28,21,27,28
28,18,28,26
28,17,29,24
28,22,30,22
28,19,31,20
28,23,32,18
29,13,1,1
29,9,2,3
29,16,3,5
29,11,4,7
29,12,5,8
29,1,6,6
29,10,7,4
29,5,8,2
29,14,9,9
29,15,10,11
29,4,11,13
29,8,12,15
29,3,13,16
29,7,14,14
29,2,15,12
29,6,16,10
29,32,17,17
29,28,18,19
29,29,19,21
29,25,20,23
29,24,21,24
29,30,22,22
29,31,23,20
29,26,24,18
29,27,25,25
29,20,26,27
29,21,27,29
29,18,28,31
29,17,29,32
29,22,30,30
29,19,31,28
29,23,32,26
30,13,1,1
30,9,2,3
30,16,3,4
30,11,4,2
30,12,5,5
30,1,6,7
30,10,7,8
30,5,8,6
30,14,9,9
30,15,10,11
30,4,11,12
30,8,12,10
30,3,13,13
30,7,14,15
30,2,15,16
30,6,16,14
30,32,17,17
30,28,18,19
30,29,19,20
30,25,20,18
30,24,21,21
30,30,22,23
30,31,23,24
30,26,24,22
30,27,25,25
30,20,26,27
30,21,27,28
30,18,28,26
30,17,29,29
30,22,30,31
30,19,31,32
30,23,32,30
31,13,1,2
31,9,2,6
31,16,3,4
31,11,4,8
31,12,5,5
31,1,6,1
31,10,7,7
31,5,8,3
31,14,9,10
31,15,10,14
31,4,11,12
31,8,12,16
31,3,13,13
31,7,14,9
31,2,15,15
31,6,16,11
31,32,17,18
31,28,18,22
31,29,19,20
31,25,20,24
31,24,21,21
31,30,22,17
31,31,23,23
31,26,24,19
31,27,25,26
31,20,26,30
31,21,27,28
31,18,28,32
31,17,29,29
31,22,30,25
31,19,31,31
31,23,32,27
32,13,1,2
32,9,2,4
32,16,3,1
32,11,4,3
32,12,5,6
32,1,6,8
32,10,7,5
32,5,8,7
32,14,9,10
32,15,10,12
32,4,11,9
32,8,12,11
32,3,13,14
32,7,14,16
32,2,15,13
32,6,16,15
32,32,17,18
32,28,18,20
32,29,19,17
32,25,20,19
32,24,21,22
32,30,22,24
32,31,23,21
32,26,24,23
32,27,25,26
32,20,26,28
32,21,27,25
32,18,28,27
32,17,29,30
32,22,30,32
32,19,31,29
32,23,32,31
34,11,1,1
34,1,2,3
34,5,3,5
34,15,4,7
34,8,5,9
34,4,6,11
34,14,7,13
34,10,8,15
34,2,9,17
34,13,10,19
34,9,11,21
34,3,12,23
34,12,13,25
34,16,14,27
34,7,15,29
34,29,16,31
34,25,17,32
34,22,18,30
34,18,19,28
34,19,20,26
34,23,21,24
34,28,22,22
34,32,23,20
34,6,24,18
34,20,25,16
34,26,26,14
34,30,27,12
34,24,28,10
34,31,29,8
34,27,30,6
34,21,31,4
34,17,32,2
35,11,1,1
35,1,2,3
35,5,3,5
35,15,4,7
35,8,5,9
35,4,6,11
35,14,7,13
35,10,8,15
35,2,9,16
35,13,10,14
35,9,11,12
35,3,12,10
35,12,13,8
35,16,14,6
35,7,15,4
35,29,16,2
35,25,17,17
35,22,18,19
35,18,19,21
35,19,20,23
35,23,21,25
35,28,22,27
35,32,23,29
35,6,24,31
35,20,25,32
35,26,26,30
35,30,27,28
35,24,28,26
35,31,29,24
35,27,30,22
35,21,31,20
35,17,32,18
36,11,1,1
36,1,2,3
36,5,3,5
36,15,4,7
36,8,5,8
36,4,6,6
36,14,7,4
36,10,8,2
36,2,9,9
36,13,10,11
36,9,11,13
36,3,12,15
36,12,13,16
36,16,14,14
36,7,15,12
36,29,16,10
36,25,17,17
36,22,18,19
36,18,19,21
36,19,20,23
36,23,21,24
36,28,22,22
36,32,23,20
36,6,24,18
36,20,25,25
36,26,26,27
36,30,27,29
36,24,28,31
36,31,29,32
36,27,30,30
36,21,31,28
36,17,32,26
37,11,1,1
37,1,2,3
37,5,3,4
37,15,4,2
37,8,5,5
37,4,6,7
37,14,7,8
37,10,8,6
37,2,9,9
37,13,10,11
37,9,11,12
37,3,12,10
37,12,13,13
37,16,14,15
37,7,15,16
37,29,16,14
37,25,17,17
37,22,18,19
37,18,19,20
37,19,20,18
37,23,21,21
37,28,22,23
37,32,23,24
37,6,24,22
37,20,25,25
37,26,26,27
37,30,27,28
37,24,28,26
37,31,29,29
37,27,30,31
37,21,31,32
37,17,32,30
38,11,1,2
38,1,2,6
38,5,3,4
38,15,4,8
38,8,5,5
38,4,6,1
38,14,7,7
38,10,8,3
38,2,9,10
38,13,10,14
38,9,11,12
38,3,12,16
38,12,13,13
38,16,14,9
38,7,15,15
38,29,16,11
38,25,17,18
38,22,18,22
38,18,19,20
38,19,20,24
38,23,21,21
38,28,22,17
38,32,23,23
38,6,24,19
38,20,25,26
38,26,26,30
38,30,27,28
38,24,28,32
38,31,29,29
38,27,30,25
38,21,31,31
38,17,32,27
39,11,1,2
39,1,2,4
39,5,3,1
39,15,4,3
39,8,5,6
39,4,6,8
39,14,7,5
39,10,8,7
39,2,9,10
39,13,10,12
39,9,11,9
39,3,12,11
39,12,13,14
39,16,14,16
39,7,15,13
39,29,16,15
39,25,17,18
39,22,18,20
39,18,19,17
39,19,20,19
39,23,21,22
39,28,22,24
39,32,23,21
39,6,24,23
39,20,25,26
39,26,26,28
39,30,27,25
39,24,28,27
39,31,29,30
39,27,30,32
39,21,31,29
39,17,32,31
41,26,14,27
41,27,3,5
41,1,21,24
41,30,13,25
41,14,1,1
41,31,16,31
41,11,27,12
41,17,30,6
41,10,8,15
41,20,7,13
41,21,17,32
41,24,9,17
41,9,31,4
41,12,2,3
41,13,23,20
41,16,10,19
41,2,4,7
41,3,11,21
41,6,6,11
41,7,12,23
41,23,28,10
41,22,5,9
41,19,18,30
41,15,29,8
41,18,15,29
41,8,32,2
41,25,19,28
41,5,22,22
41,28,26,14
41,4,25,16
41,29,20,26
41,32,24,18
42,26,14,6
42,27,3,5
42,1,21,25
42,30,13,8
42,14,1,1
42,31,16,2
42,11,27,28
42,17,30,22
42,10,8,15
42,20,7,13
42,21,17,17
42,24,9,16
42,9,31,20
42,12,2,3
42,13,23,29
42,16,10,14
42,2,4,7
42,3,11,12
42,6,6,11
42,7,12,10
42,23,28,26
42,22,5,9
42,19,18,19
42,15,29,24
42,18,15,4
42,8,32,18
42,25,19,21
42,5,22,27
42,28,26,30
42,4,25,32
42,29,20,23
42,32,24,31
43,8,32,26
43,10,8,2
43,15,29,32
43,18,15,12
43,7,12,15
43,24,9,9
43,19,18,19
43,32,24,18
43,31,16,10
43,26,14,14
43,5,22,22
43,4,25,25
43,25,19,21
43,3,11,13
43,27,3,5
43,22,5,8
43,11,27,29
43,13,23,20
43,6,6,6
43,2,4,7
43,1,21,24
43,29,20,23
43,14,1,1
43,30,13,16
43,20,7,4
43,23,28,31
43,9,31,28
43,28,26,27
43,21,17,17
43,12,2,3
43,16,10,11
43,17,30,30
44,26,14,14
44,27,3,5
44,1,21,24
44,30,13,16
44,14,1,1
44,31,16,10
44,11,27,29
44,17,30,30
44,10,8,2
44,20,7,4
44,21,17,17
44,24,9,9
44,9,31,28
44,12,2,3
44,13,23,20
44,16,10,11
44,2,4,7
44,3,11,13
44,6,6,6
44,7,12,15
44,23,28,31
44,22,5,8
44,19,18,19
44,15,29,32
44,18,15,12
44,8,32,26
44,25,19,21
44,5,22,22
44,28,26,27
44,4,25,25
44,29,20,23
44,32,24,18
45,26,14,9
45,27,3,4
45,1,21,21
45,30,13,13
45,14,1,2
45,31,16,11
45,11,27,28
45,17,30,25
45,10,8,3
45,20,7,7
45,21,17,18
45,24,9,10
45,9,31,31
45,12,2,6
45,13,23,23
45,16,10,14
45,2,4,8
45,3,11,12
45,6,6,1
45,7,12,16
45,23,28,32
45,22,5,5
45,19,18,22
45,15,29,29
45,18,15,15
45,8,32,27
45,25,19,20
45,5,22,17
45,28,26,30
45,4,25,26
45,29,20,24
45,32,24,19
46,26,14,16
46,27,3,1
46,1,21,22
46,30,13,14
46,14,1,2
46,31,16,15
46,11,27,25
46,17,30,32
46,10,8,7
46,20,7,5
46,21,17,18
46,24,9,10
46,9,31,29
46,12,2,4
46,13,23,21
46,16,10,12
46,2,4,3
46,3,11,9
46,6,6,8
46,7,12,11
46,23,28,27
46,22,5,6
46,19,18,20
46,15,29,30
46,18,15,13
46,8,32,31
46,25,19,17
46,5,22,24
46,28,26,28
46,4,25,26
46,29,20,19
46,32,24,23
47,51,26,27
47,52,40,34
47,50,46,46
47,49,13,16
47,18,1,1
47,17,32,26
47,19,57,57
47,20,14,14
47,22,16,10
47,21,8,2
47,23,33,33
47,26,3,5
47,25,55,52
47,27,31,28
47,28,34,35
47,30,12,15
47,29,53,56
47,31,10,11
47,32,35,37
47,24,30,30
47,7,9,9
47,15,56,50
47,6,29,32
47,8,42,43
47,3,7,4
47,5,36,39
47,2,23,20
47,4,58,59
47,16,5,8
47,1,54,54
47,13,38,38
47,14,44,47
47,12,21,24
47,11,37,40
47,9,52,55
47,10,60,63
47,41,6,6
47,42,64,58
47,44,47,44
47,43,20,23
47,45,22,22
47,46,49,49
47,48,63,60
47,33,4,7
47,34,45,48
47,36,62,62
47,35,61,64
47,37,18,19
47,38,43,45
47,40,51,53
47,39,59,61
47,47,2,3
47,64,19,21
47,56,50,51
47,61,24,18
47,63,28,31
47,60,17,17
47,62,39,36
47,57,25,25
47,59,11,13
47,55,15,12
47,58,48,42
47,54,41,41
47,53,27,29
48,8,1,1
48,14,2,3
48,1,3,5
48,12,4,7
48,9,5,8
48,16,6,6
48,4,7,4
48,3,8,2
48,10,9,9
48,7,10,11
48,13,11,13
48,63,12,15
48,2,13,16
48,59,14,14
48,6,15,12
48,53,16,10
48,56,17,17
48,49,18,19
48,62,19,21
48,51,20,23
48,58,21,24
48,60,22,22
48,52,23,20
48,64,24,18
48,50,25,25
48,54,26,27
48,61,27,29
48,57,28,31
48,55,29,32
48,5,30,30
48,15,31,28
48,11,32,26
48,20,33,33
48,24,34,35
48,30,35,37
48,48,36,39
48,34,37,40
48,38,38,38
48,45,39,36
48,41,40,34
48,39,41,41
48,43,42,43
48,35,43,45
48,33,44,47
48,44,45,48
48,37,46,46
48,42,47,44
48,47,48,42
48,46,49,49
48,29,50,51
48,36,51,53
48,25,52,55
48,40,53,56
48,22,54,54
48,32,55,52
48,17,56,50
48,28,57,57
48,27,58,59
48,23,59,61
48,18,60,63
48,19,61,64
48,26,62,62
48,21,63,60
48,31,64,58
49,1,1,1
49,2,2,2
49,3,3,3
49,4,4,4
49,5,5,5
49,6,6,6
49,7,7,7
49,8,8,8
49,9,9,9
49,10,10,10
49,11,11,11
49,12,12,12
49,13,13,13
49,14,14,14
49,15,15,15
49,16,16,16
50,13,13,13
50,14,14,14
50,15,15,15
50,16,16,16
50,17,17,17
50,18,18,18
50,19,19,19
50,20,20,20
50,21,21,21
50,22,22,22
50,23,23,23
50,24,24,24
50,25,25,25
50,26,26,26
50,27,27,27
50,28,28,28
50,29,29,29
50,30,30,30
50,31,31,31
50,32,32,32
50,1,1,1
50,2,2,2
50,3,3,3
50,4,4,4
50,5,5,5
50,6,6,6
50,7,7,7
50,8,8,8
50,9,9,9
50,10,10,10
50,11,11,11
50,12,12,12
51,1,1,1
51,2,2,2
51,3,3,3
51,4,4,4
51,5,5,5
51,6,6,6
51,7,7,7
51,8,8,8
51,9,9,9
51,10,10,10
51,11,11,11
51,12,12,12
51,13,13,13
51,14,14,14
51,15,15,15
51,16,16,16
51,17,17,17
51,18,18,18
51,19,19,19
51,20,20,20
51,21,21,21
51,22,22,22
51,23,23,23
51,24,24,24
51,25,25,25
51,26,26,26
51,27,27,27
51,28,28,28
51,29,29,29
51,30,30,30
51,31,31,31
51,32,32,32
51,33,33,33
51,34,34,34
51,35,35,35
51,36,36,36
51,37,37,37
51,38,38,38
51,39,39,39
51,40,40,40
51,41,41,41
51,42,42,42
51,43,43,43
51,45,45,45
51,46,46,46
51,47,47,47
51,48,48,48
51,49,49,49
51,50,50,50
51,51,51,51
51,52,52,52
51,53,53,53
51,54,54,54
51,55,55,55
51,56,56,56
51,57,57,57
51,58,58,58
51,59,59,59
51,60,60,60
51,61,61,61
51,62,62,62
51,63,63,63
51,64,64,64
51,44,44,44
52,8,1,1
52,15,2,2
52,4,3,3
52,5,4,4
52,14,5,5
52,1,6,6
52,10,7,7
52,11,8,8
52,12,9,9
52,9,10,10
52,16,11,11
52,13,12,12
54,14,8,15
54,16,9,16
54,1,7,13
54,13,10,14
54,5,6,11
54,2,11,12
54,15,5,9
54,6,12,10
54,11,4,7
54,9,13,8
54,8,3,5
54,7,14,6
54,3,15,4
54,10,1,1
54,12,16,2
54,4,2,3
55,14,8,6
55,15,5,5
55,1,7,8
55,5,6,7
55,11,4,2
55,10,1,1
55,8,3,4
55,4,2,3
55,12,16,14
55,9,13,13
55,3,15,16
55,7,14,15
55,6,12,10
55,16,9,9
55,2,11,12
55,13,10,11
56,14,8,3
56,1,7,7
56,5,6,1
56,15,5,5
56,11,4,8
56,8,3,4
56,4,2,6
56,10,1,2
56,12,16,11
56,3,15,15
56,7,14,9
56,9,13,13
56,6,12,16
56,2,11,12
56,13,10,14
56,16,9,10
57,1,7,5
57,14,8,7
57,5,6,8
57,15,5,6
57,11,4,3
57,8,3,1
57,4,2,4
57,10,1,2
57,12,16,15
57,3,15,13
57,7,14,16
57,9,13,14
57,6,12,11
57,2,11,9
57,13,10,12
57,16,9,10
58,8,1,1
58,15,16,2
58,14,2,3
58,1,15,4
58,10,3,5
58,11,14,6
58,12,4,7
58,9,13,8
58,7,5,9
58,6,12,10
58,3,6,11
58,2,11,12
58,16,7,13
58,13,10,14
58,4,8,15
58,5,9,16
59,8,1,1
59,12,4,2
59,14,2,3
59,10,3,4
59,7,5,5
59,4,8,6
59,3,6,7
59,16,7,8
59,5,9,9
59,6,12,10
59,13,10,11
59,2,11,12
59,9,13,13
59,15,16,14
59,11,14,15
59,1,15,16
60,3,6,1
60,4,8,3
60,8,1,2
60,10,3,4
60,7,5,5
60,16,7,7
60,14,2,6
60,12,4,8
60,11,14,9
60,15,16,11
60,5,9,10
60,2,11,12
60,9,13,13
60,1,15,15
60,13,10,14
60,6,12,16
61,10,3,1
61,12,4,3
61,8,1,2
61,14,2,4
61,16,7,5
61,4,8,7
61,7,5,6
61,3,6,8
61,2,11,9
61,6,12,11
61,5,9,10
61,13,10,12
61,1,15,13
61,15,16,15
61,9,13,14
61,11,14,16
62,10,1,1
62,12,16,2
62,4,2,3
62,3,15,4
62,8,3,5
62,7,14,6
62,11,4,7
62,9,13,8
62,15,5,9
62,6,12,10
62,5,6,11
62,2,11,12
62,1,7,13
62,13,10,14
62,14,8,15
62,16,9,16
63,2,11,12
63,5,6,7
63,6,12,10
63,15,5,5
63,16,9,9
63,14,8,6
63,13,10,11
63,1,7,8
63,3,15,16
63,4,2,3
63,12,16,14
63,10,1,1
63,9,13,13
63,11,4,2
63,7,14,15
63,8,3,4
64,10,1,2
64,14,8,3
64,8,3,4
64,15,5,5
64,4,2,6
64,1,7,7
64,11,4,8
64,7,14,9
64,16,9,10
64,12,16,11
64,2,11,12
64,9,13,13
64,13,10,14
64,3,15,15
64,6,12,16
64,5,6,1
65,15,5,6
65,2,11,9
65,5,6,8
65,6,12,11
65,1,7,5
65,16,9,10
65,14,8,7
65,13,10,12
65,10,1,2
65,3,15,13
65,4,2,4
65,12,16,15
65,8,3,1
65,9,13,14
65,11,4,3
65,7,14,16
66,22,7,13
66,18,8,15
66,19,9,16
66,25,15,4
66,27,4,7
66,28,11,12
66,31,1,1
66,23,10,14
66,20,6,11
66,29,14,6
66,21,16,2
66,32,12,10
66,17,13,8
66,24,5,9
66,30,3,5
66,26,2,3
67,22,7,8
67,18,8,6
67,19,9,9
67,25,15,16
67,27,4,2
67,28,11,12
67,31,1,1
67,23,10,11
67,20,6,7
67,29,14,15
67,21,16,14
67,32,12,8
67,17,13,13
67,24,5,5
67,30,3,4
67,26,2,3
68,28,11,12
68,22,7,7
68,23,10,14
68,19,9,10
68,27,4,8
68,18,8,3
68,31,1,2
68,25,15,15
68,24,5,5
68,20,6,1
68,26,2,6
68,21,16,11
68,17,13,13
68,29,14,9
68,30,3,4
68,32,12,16
69,22,7,5
69,18,8,7
69,19,9,10
69,25,15,13
69,27,4,3
69,28,11,9
69,31,1,2
69,23,10,12
69,20,6,8
69,29,14,16
69,21,16,15
69,32,12,11
69,17,13,14
69,24,5,6
69,30,3,1
69,26,2,4
70,1,1,5
70,11,2,7
70,5,3,3
70,4,4,11
70,8,5,9
70,15,6,1
70,14,7,13
70,10,8,15
70,12,9,16
70,16,10,14
70,6,11,2
70,7,12,10
70,3,13,12
70,2,14,4
70,9,15,8
70,13,16,6
71,1,1,4
71,11,2,2
71,5,3,3
71,4,4,7
71,8,5,5
71,15,6,1
71,14,7,8
71,10,8,6
71,12,9,9
71,16,10,11
71,6,11,14
71,7,12,10
71,3,13,12
71,2,14,16
71,9,15,13
71,13,16,15
72,1,4,1
72,11,6,2
72,5,8,3
72,4,1,4
72,8,5,5
72,15,3,6
72,14,7,7
72,10,2,8
72,12,16,9
72,16,9,10
72,6,11,11
72,7,13,12
72,3,15,13
72,2,10,14
72,9,14,15
72,13,12,16
73,1,1,1
73,11,2,3
73,5,3,4
73,4,4,8
73,8,5,6
73,15,6,2
73,14,7,5
73,10,8,7
73,12,9,10
73,16,10,12
73,6,11,15
73,7,12,11
73,3,13,9
73,2,14,13
73,9,15,14
73,13,16,16
74,1,1,5
74,11,2,7
74,5,3,3
74,4,4,11
74,8,5,9
74,15,6,1
74,14,7,13
74,10,8,15
74,12,9,16
74,16,10,14
74,6,11,2
74,7,12,10
74,3,13,12
74,2,14,4
74,9,15,8
74,13,16,6
75,1,1,4
75,11,2,2
75,5,3,3
75,4,4,7
75,8,5,5
75,15,6,1
75,14,7,8
75,10,8,6
75,12,9,9
75,16,10,11
75,6,11,14
75,7,12,10
75,3,13,12
75,2,14,16
75,9,15,13
75,13,16,15
76,1,4,1
76,11,6,2
76,5,8,3
76,4,1,4
76,8,5,5
76,15,3,6
76,14,7,7
76,10,2,8
76,12,16,9
76,16,9,10
76,6,11,11
76,7,13,12
76,3,15,13
76,2,10,14
76,9,14,15
76,13,12,16
77,1,1,1
77,11,2,3
77,5,3,4
77,4,4,8
77,8,5,6
77,15,6,2
77,14,7,5
77,10,8,7
77,12,9,10
77,16,10,12
77,6,11,15
77,7,12,11
77,3,13,9
77,2,14,13
77,9,15,14
77,13,16,16
78,13,1,5
78,16,2,7
78,12,3,3
78,9,4,11
78,10,5,9
78,11,6,1
78,14,7,13
78,15,8,15
78,7,9,16
78,6,10,14
78,3,11,2
78,2,12,10
78,8,13,12
78,5,14,4
78,4,15,8
78,1,16,6
82,1,1,5
82,11,2,7
82,5,3,3
82,4,4,11
82,8,5,9
82,15,6,1
82,14,7,13
82,10,8,15
82,12,9,16
82,16,10,14
82,6,11,2
82,7,12,10
82,3,13,12
82,2,14,4
82,9,15,8
82,13,16,6
86,13,1,5
86,1,16,6
86,16,2,7
86,4,15,8
86,10,5,9
86,2,12,10
86,9,4,11
86,8,13,12
86,14,7,13
86,6,10,14
86,15,8,15
86,7,9,16
86,11,6,1
86,3,11,2
86,12,3,3
86,5,14,4
90,1,3,5
90,2,15,4
90,3,11,12
90,4,6,11
90,5,2,3
90,6,16,2
90,7,12,10
90,8,5,9
90,9,13,8
90,10,8,15
90,11,4,7
90,12,9,16
90,13,14,6
90,14,7,13
90,15,1,1
90,16,10,14
91,7,12,10
91,6,16,14
91,3,11,12
91,2,15,16
91,8,5,5
91,5,2,3
91,4,6,7
91,1,3,4
91,16,10,11
91,13,14,15
91,12,9,9
91,9,13,13
91,10,8,6
91,11,4,2
91,14,7,8
91,15,1,1
92,7,12,16
92,6,16,11
92,3,11,12
92,2,15,15
92,8,5,5
92,5,2,6
92,4,6,1
92,1,3,4
92,16,10,14
92,13,14,9
92,12,9,10
92,9,13,13
92,10,8,3
92,11,4,8
92,14,7,7
92,15,1,2
93,7,12,11
93,6,16,15
93,3,11,9
93,2,15,13
93,8,5,6
93,5,2,4
93,4,6,8
93,1,3,1
93,16,10,12
93,13,14,16
93,12,9,10
93,9,13,14
93,10,8,7
93,11,4,3
93,14,7,5
93,15,1,2
94,7,1,1
94,3,2,3
94,16,3,5
94,10,4,7
94,14,5,9
94,4,6,11
94,6,7,13
94,2,8,15
94,13,9,17
94,11,10,19
94,1,11,21
94,5,12,23
94,15,13,25
94,9,14,27
94,8,15,29
94,12,16,31
94,18,17,32
94,24,18,30
94,19,19,28
94,31,20,26
94,27,21,24
94,21,22,22
94,17,23,20
94,23,24,18
94,28,25,16
94,32,26,14
94,30,27,12
94,26,28,10
94,20,29,8
94,22,30,6
94,25,31,4
94,29,32,2
95,7,1,1
95,3,2,3
95,16,3,5
95,10,4,7
95,14,5,9
95,4,6,11
95,6,7,13
95,2,8,15
95,13,9,16
95,11,10,14
95,1,11,12
95,5,12,10
95,15,13,8
95,9,14,6
95,8,15,4
95,12,16,2
95,18,17,17
95,24,18,19
95,19,19,21
95,31,20,23
95,27,21,25
95,21,22,27
95,17,23,29
95,23,24,31
95,28,25,32
95,32,26,30
95,30,27,28
95,26,28,26
95,20,29,24
95,22,30,22
95,25,31,20
95,29,32,18
96,7,1,8
96,3,2,7
96,16,3,6
96,10,4,5
96,14,5,4
96,4,6,3
96,6,7,2
96,2,8,1
96,13,9,16
96,11,10,15
96,1,11,14
96,5,12,13
96,15,13,12
96,9,14,11
96,8,15,10
96,12,16,9
96,18,17,24
96,24,18,23
96,19,19,22
96,31,20,21
96,27,21,20
96,21,22,19
96,17,23,18
96,23,24,17
96,28,25,32
96,32,26,31
96,30,27,30
96,26,28,29
96,20,29,28
96,22,30,27
96,25,31,26
96,29,32,25
97,7,1,1
97,3,2,3
97,16,3,4
97,10,4,2
97,14,5,5
97,4,6,7
97,6,7,8
97,2,8,6
97,13,9,9
97,11,10,11
97,1,11,12
97,5,12,10
97,15,13,13
97,9,14,15
97,8,15,16
97,12,16,14
97,18,17,17
97,24,18,19
97,19,19,20
97,31,20,18
97,27,21,21
97,21,22,23
97,17,23,24
97,23,24,22
97,28,25,25
97,32,26,27
97,30,27,28
97,26,28,26
97,20,29,29
97,22,30,31
97,25,31,32
97,29,32,30
98,7,1,2
98,3,2,6
98,16,3,4
98,10,4,8
98,14,5,5
98,4,6,1
98,6,7,7
98,2,8,3
98,13,9,10
98,11,10,14
98,1,11,12
98,5,12,16
98,15,13,13
98,9,14,9
98,8,15,15
98,12,16,11
98,18,17,18
98,24,18,22
98,19,19,20
98,31,20,24
98,27,21,21
98,21,22,17
98,17,23,23
98,23,24,19
98,28,25,26
98,32,26,30
98,30,27,28
98,26,28,32
98,20,29,29
98,22,30,25
98,25,31,31
98,29,32,27
99,7,1,2
99,3,2,4
99,16,3,1
99,10,4,3
99,14,5,6
99,4,6,8
99,6,7,5
99,2,8,7
99,13,9,10
99,11,10,12
99,1,11,9
99,5,12,11
99,15,13,14
99,9,14,16
99,8,15,13
99,12,16,15
99,18,17,18
99,24,18,20
99,19,19,17
99,31,20,19
99,27,21,22
99,21,22,24
99,17,23,21
99,23,24,23
99,28,25,26
99,32,26,28
99,30,27,25
99,26,28,27
99,20,29,30
99,22,30,32
99,25,31,29
99,29,32,31
100,1,11,21
100,2,8,15
100,3,2,3
100,4,6,11
100,5,12,23
100,6,7,13
100,7,1,1
100,8,15,29
100,9,14,27
100,10,4,7
100,11,10,19
100,12,16,31
100,13,9,17
100,14,5,9
100,15,13,25
100,16,3,5
100,17,23,20
100,18,17,32
100,19,19,28
100,20,29,8
100,21,22,22
100,22,30,6
100,23,24,18
100,24,18,30
100,25,31,4
100,26,28,10
100,27,21,24
100,28,25,16
100,29,32,2
100,30,27,12
100,31,20,26
100,32,26,14
101,7,1,1
101,3,2,3
101,16,3,5
101,10,4,7
101,14,5,9
101,4,6,11
101,6,7,13
101,2,8,15
101,13,9,16
101,11,10,14
101,1,11,12
101,5,12,10
101,15,13,8
101,9,14,6
101,8,15,4
101,12,16,2
101,18,17,17
101,24,18,19
101,19,19,21
101,31,20,23
101,27,21,25
101,21,22,27
101,17,23,29
101,23,24,31
101,28,25,32
101,32,26,30
101,30,27,28
101,26,28,26
101,20,29,24
101,22,30,22
101,25,31,20
101,29,32,18
102,7,1,1
102,3,2,3
102,16,3,5
102,10,4,7
102,14,5,8
102,4,6,6
102,6,7,4
102,2,8,2
102,13,9,9
102,11,10,11
102,1,11,13
102,5,12,15
102,15,13,16
102,9,14,14
102,8,15,12
102,12,16,10
102,18,17,17
102,24,18,19
102,19,19,21
102,31,20,23
102,27,21,24
102,21,22,22
102,17,23,20
102,23,24,18
102,28,25,25
102,32,26,27
102,30,27,29
102,26,28,31
102,20,29,32
102,22,30,30
102,25,31,28
102,29,32,26
103,7,1,1
103,3,2,3
103,16,3,4
103,10,4,2
103,14,5,5
103,4,6,7
103,6,7,8
103,2,8,6
103,13,9,9
103,11,10,11
103,1,11,12
103,5,12,10
103,15,13,13
103,9,14,15
103,8,15,16
103,12,16,14
103,18,17,17
103,24,18,19
103,19,19,20
103,31,20,18
103,27,21,21
103,21,22,23
103,17,23,24
103,23,24,22
103,28,25,25
103,32,26,27
103,30,27,28
103,26,28,26
103,20,29,29
103,22,30,31
103,25,31,32
103,29,32,30
104,7,1,2
104,3,2,6
104,16,3,4
104,10,4,8
104,14,5,5
104,4,6,1
104,6,7,7
104,2,8,3
104,13,9,10
104,11,10,14
104,1,11,12
104,5,12,16
104,15,13,13
104,9,14,9
104,8,15,15
104,12,16,11
104,18,17,18
104,24,18,22
104,19,19,20
104,31,20,24
104,27,21,21
104,21,22,17
104,17,23,23
104,23,24,19
104,28,25,26
104,32,26,30
104,30,27,28
104,26,28,32
104,20,29,29
104,22,30,25
104,25,31,31
104,29,32,27
105,1,11,13
105,2,8,2
105,3,2,3
105,4,6,6
105,5,12,15
105,6,7,4
105,7,1,1
105,8,15,12
105,9,14,14
105,10,4,7
105,11,10,11
105,12,16,10
105,13,9,9
105,14,5,8
105,15,13,16
105,16,3,5
105,17,23,20
105,18,17,17
105,19,19,21
105,20,29,32
105,21,22,22
105,22,30,30
105,23,24,18
105,24,18,19
105,25,31,28
105,26,28,31
105,27,21,24
105,28,25,25
105,29,32,26
105,30,27,29
105,31,20,23
105,32,26,27
105,7,1,2
105,3,2,4
105,16,3,1
105,10,4,3
105,14,5,6
105,4,6,8
105,6,7,5
105,2,8,7
105,13,9,10
105,11,10,12
105,1,11,9
105,5,12,11
105,15,13,14
105,9,14,16
105,8,15,13
105,12,16,15
105,18,17,18
105,24,18,20
105,19,19,17
105,31,20,19
105,27,21,22
105,21,22,24
105,17,23,21
105,23,24,23
105,28,25,26
105,32,26,28
105,30,27,25
105,26,28,27
105,20,29,30
105,22,30,32
105,25,31,29
105,29,32,31
106,16,11,21
106,13,22,22
106,12,8,15
106,1,20,26
106,14,7,13
106,11,19,28
106,26,3,5
106,27,4,7
106,30,16,31
106,17,29,8
106,20,6,11
106,21,32,2
106,24,15,29
106,31,1,1
106,10,10,19
106,9,25,16
106,7,13,25
106,15,24,18
106,25,30,6
106,23,28,10
106,22,5,9
106,19,31,4
106,18,2,3
106,28,27,12
106,29,17,32
106,32,18,30
106,8,26,14
106,5,21,24
106,4,23,20
106,6,14,27
106,3,12,23
106,2,9,17
107,16,11,12
107,13,22,27
107,12,8,15
107,1,20,23
107,14,7,13
107,11,19,21
107,26,3,5
107,27,4,7
107,30,16,2
107,17,29,24
107,20,6,11
107,21,32,18
107,24,15,4
107,31,1,1
107,10,10,14
107,9,25,32
107,7,13,8
107,15,24,31
107,25,30,22
107,23,28,26
107,22,5,9
107,19,31,20
107,18,2,3
107,28,27,28
107,29,17,17
107,32,18,19
107,8,26,30
107,5,21,25
107,4,23,29
107,6,14,6
107,3,12,10
107,2,9,16
108,1,20,23
108,2,9,9
108,3,12,15
108,4,23,20
108,5,21,24
108,6,14,14
108,7,13,16
108,8,26,27
108,9,25,25
108,10,10,11
108,11,19,21
108,12,8,2
108,13,22,22
108,14,7,4
108,15,24,18
108,16,11,13
108,17,29,32
108,18,2,3
108,19,31,28
108,20,6,6
108,21,32,26
108,22,5,8
108,23,28,31
108,24,15,12
108,25,30,30
108,26,3,5
108,27,4,7
108,28,27,29
108,29,17,17
108,30,16,10
108,31,1,1
108,32,18,19
109,16,11,12
109,13,22,23
109,12,8,6
109,1,20,18
109,14,7,8
109,11,19,20
109,26,3,4
109,27,4,5
109,30,16,14
109,17,29,29
109,20,6,7
109,21,32,30
109,24,15,16
109,31,1,1
109,10,10,11
109,9,25,25
109,7,13,13
109,15,24,22
109,25,30,31
109,23,28,26
109,22,5,5
109,19,31,32
109,18,2,3
109,28,27,28
109,29,17,17
109,32,18,19
109,8,26,27
109,5,21,21
109,4,23,24
109,6,14,15
109,3,12,10
109,2,9,9
110,16,11,9
110,13,22,24
110,12,8,7
110,1,20,19
110,14,7,5
110,11,19,17
110,26,3,1
110,27,4,3
110,30,16,16
110,17,29,30
110,20,6,8
110,21,32,31
110,24,15,13
110,31,1,2
110,10,10,12
110,9,25,26
110,7,13,14
110,15,24,23
110,25,30,32
110,23,28,27
110,22,5,6
110,19,31,29
110,18,2,4
110,28,27,25
110,29,17,18
110,32,18,20
110,8,26,28
110,5,21,22
110,4,23,21
110,6,14,16
110,3,12,11
110,2,9,10
111,16,11,2
111,13,22,4
111,12,8,1
111,1,20,3
111,14,7,6
111,11,19,8
111,26,3,5
111,27,4,7
111,30,16,10
111,17,29,12
111,20,6,9
111,21,32,11
111,24,15,14
111,31,1,16
111,10,10,13
111,9,25,15
111,7,13,18
111,15,24,20
111,25,30,17
111,23,28,19
111,22,5,22
111,19,31,24
111,18,2,21
111,28,27,23
111,29,17,26
111,32,18,28
111,8,26,25
111,5,21,27
111,4,23,30
111,6,14,32
111,3,12,29
111,2,9,31
118,13,1,1
118,9,2,3
118,16,3,5
118,11,4,7
118,12,5,9
118,1,6,11
118,10,7,13
118,5,8,15
118,14,9,17
118,15,10,19
118,4,11,21
118,8,12,23
118,3,13,25
118,7,14,27
118,2,15,29
118,6,16,31
118,32,17,32
118,28,18,30
118,29,19,28
118,25,20,26
118,24,21,24
118,30,22,22
118,31,23,20
118,26,24,18
118,27,25,16
118,20,26,14
118,21,27,12
118,18,28,10
118,17,29,8
118,22,30,6
118,19,31,4
118,23,32,2
119,13,1,1
119,9,2,3
119,16,3,5
119,11,4,7
119,12,5,9
119,1,6,11
119,10,7,13
119,5,8,15
119,14,9,16
119,15,10,14
119,4,11,12
119,8,12,10
119,3,13,8
119,7,14,6
119,2,15,4
119,6,16,2
119,32,17,17
119,28,18,19
119,29,19,21
119,25,20,23
119,24,21,25
119,30,22,27
119,31,23,29
119,26,24,31
119,27,25,32
119,20,26,30
119,21,27,28
119,18,28,26
119,17,29,24
119,22,30,22
119,19,31,20
119,23,32,18
120,13,1,1
120,9,2,3
120,16,3,5
120,11,4,7
120,12,5,8
120,1,6,6
120,10,7,4
120,5,8,2
120,14,9,9
120,15,10,11
120,4,11,13
120,8,12,15
120,3,13,16
120,7,14,14
120,2,15,12
120,6,16,10
120,32,17,17
120,28,18,19
120,29,19,21
120,25,20,23
120,24,21,24
120,30,22,22
120,31,23,20
120,26,24,18
120,27,25,25
120,20,26,27
120,21,27,29
120,18,28,31
120,17,29,32
120,22,30,30
120,19,31,28
120,23,32,26
121,13,1,1
121,9,2,3
121,16,3,4
121,11,4,2
121,12,5,5
121,1,6,7
121,10,7,8
121,5,8,6
121,14,9,9
121,15,10,11
121,4,11,12
121,8,12,10
121,3,13,13
121,7,14,15
121,2,15,16
121,6,16,14
121,32,17,17
121,28,18,19
121,29,19,20
121,25,20,18
121,24,21,21
121,30,22,23
121,31,23,24
121,26,24,22
121,27,25,25
121,20,26,27
121,21,27,28
121,18,28,26
121,17,29,29
121,22,30,31
121,19,31,32
121,23,32,30
122,8,12,16
122,3,13,13
122,7,14,9
122,2,15,15
122,6,16,11
122,32,17,18
122,28,18,22
122,29,19,20
122,25,20,24
122,24,21,21
122,30,22,17
122,31,23,23
122,26,24,19
122,27,25,26
122,20,26,30
122,21,27,28
122,18,28,32
122,17,29,29
122,22,30,25
122,19,31,31
122,23,32,27
122,13,1,2
122,9,2,6
122,16,3,4
122,11,4,8
122,12,5,5
122,1,6,1
122,10,7,7
122,5,8,3
122,14,9,10
122,15,10,14
122,4,11,12
123,13,1,2
123,9,2,4
123,16,3,1
123,11,4,3
123,12,5,6
123,1,6,8
123,10,7,5
123,5,8,7
123,14,9,10
123,15,10,12
123,4,11,9
123,8,12,11
123,3,13,14
123,7,14,16
123,2,15,13
123,6,16,15
123,32,17,18
123,28,18,20
123,29,19,17
123,25,20,19
123,24,21,22
123,30,22,24
123,31,23,21
123,26,24,23
123,27,25,26
123,20,26,28
123,21,27,25
123,18,28,27
123,17,29,30
123,22,30,32
123,19,31,29
123,23,32,31
124,1,6,11
124,2,15,29
124,3,13,25
124,4,11,21
124,5,8,15
124,6,16,31
124,7,14,27
124,8,12,23
124,9,2,3
124,10,7,13
124,11,4,7
124,12,5,9
124,13,1,1
124,14,9,17
124,15,10,19
124,16,3,5
124,17,29,8
124,18,28,10
124,19,31,4
124,20,26,14
124,21,27,12
124,22,30,6
124,23,32,2
124,24,21,24
124,25,20,26
124,26,24,18
124,27,25,16
124,28,18,30
124,29,19,28
124,30,22,22
124,31,23,20
124,32,17,32
130,26,1,1
130,27,2,3
130,1,3,5
130,30,4,7
130,14,5,9
130,31,6,11
130,11,7,13
130,17,8,15
130,10,9,17
130,20,10,19
130,21,11,21
130,24,12,23
130,9,13,25
130,12,14,27
130,13,15,29
130,16,16,31
130,2,17,32
130,3,18,30
130,6,19,28
130,7,20,26
130,23,21,24
130,22,22,22
130,19,23,20
130,15,24,18
130,18,25,16
130,8,26,14
130,25,27,12
130,5,28,10
130,28,29,8
130,4,30,6
130,29,31,4
130,32,32,2
131,26,1,1
131,27,2,3
131,1,3,5
131,30,4,7
131,14,5,9
131,31,6,11
131,11,7,13
131,17,8,15
131,10,9,16
131,20,10,14
131,21,11,12
131,24,12,10
131,9,13,8
131,12,14,6
131,13,15,4
131,16,16,2
131,2,17,17
131,3,18,19
131,6,19,21
131,7,20,23
131,23,21,25
131,22,22,27
131,19,23,29
131,15,24,31
131,18,25,32
131,8,26,30
131,25,27,28
131,5,28,26
131,28,29,24
131,4,30,22
131,29,31,20
131,32,32,18
132,26,1,1
132,27,2,3
132,1,3,5
132,30,4,7
132,14,5,8
132,31,6,6
132,11,7,4
132,17,8,2
132,10,9,9
132,20,10,11
132,21,11,13
132,24,12,15
132,9,13,16
132,12,14,14
132,13,15,12
132,16,16,10
132,2,17,17
132,3,18,19
132,6,19,21
132,7,20,23
132,23,21,24
132,22,22,22
132,19,23,20
132,15,24,18
132,18,25,25
132,8,26,27
132,25,27,29
132,5,28,31
132,28,29,32
132,4,30,30
132,29,31,28
132,32,32,26
133,26,1,1
133,27,2,3
133,1,3,4
133,30,4,2
133,14,5,5
133,31,6,7
133,11,7,8
133,17,8,6
133,10,9,9
133,20,10,11
133,21,11,12
133,24,12,10
133,9,13,13
133,12,14,15
133,13,15,16
133,16,16,14
133,2,17,17
133,3,18,19
133,6,19,20
133,7,20,18
133,23,21,21
133,22,22,23
133,19,23,24
133,15,24,22
133,18,25,25
133,8,26,27
133,25,27,28
133,5,28,26
133,28,29,29
133,4,30,31
133,29,31,32
133,32,32,30
134,26,1,2
134,27,2,6
134,1,3,4
134,30,4,8
134,14,5,5
134,31,6,1
134,11,7,7
134,17,8,3
134,10,9,10
134,20,10,14
134,21,11,12
134,24,12,16
134,9,13,13
134,12,14,9
134,13,15,15
134,16,16,11
134,2,17,18
134,3,18,22
134,6,19,20
134,7,20,24
134,23,21,21
134,22,22,17
134,19,23,23
134,15,24,19
134,18,25,26
134,8,26,30
134,25,27,28
134,5,28,32
134,28,29,29
134,4,30,25
134,29,31,31
134,32,32,27
135,26,1,2
135,27,2,4
135,1,3,1
135,30,4,3
135,14,5,6
135,31,6,8
135,11,7,5
135,17,8,7
135,10,9,10
135,20,10,12
135,21,11,9
135,24,12,11
135,9,13,14
135,12,14,16
135,13,15,13
135,16,16,15
135,2,17,18
135,3,18,20
135,6,19,17
135,7,20,19
135,23,21,22
135,22,22,24
135,19,23,21
135,15,24,23
135,18,25,26
135,8,26,28
135,25,27,25
135,5,28,27
135,28,29,30
135,4,30,32
135,29,31,29
135,32,32,31
136,13,16,14
136,16,15,13
136,12,14,15
136,9,13,11
136,10,12,12
136,11,11,16
136,14,10,10
136,15,9,9
136,7,8,8
136,6,7,7
136,3,6,1
136,2,5,5
136,8,4,6
136,5,3,2
136,4,2,4
136,1,1,3
137,7,12,12
137,6,16,16
137,3,11,11
137,2,15,15
137,8,5,5
137,5,2,2
137,4,6,6
137,1,3,3
137,16,10,10
137,13,14,14
137,12,9,9
137,9,13,13
137,10,8,8
137,11,4,4
137,14,7,7
137,15,1,1
139,17,11,11
139,18,7,7
139,19,10,10
139,20,2,2
139,21,9,9
139,22,4,4
139,23,13,13
139,24,1,1
139,25,14,14
139,26,3,3
139,27,6,6
139,28,15,15
139,29,12,12
139,30,5,5
139,31,8,8
139,32,16,16
140,10,1,1
140,4,2,2
140,8,3,3
140,11,4,4
140,15,5,5
140,5,6,6
140,1,7,7
140,14,8,8
140,16,9,9
140,13,10,10
140,2,11,11
140,6,12,12
140,9,13,13
140,7,14,14
140,3,15,15
140,12,16,16
141,17,13,13
141,18,8,8
141,19,9,9
141,20,6,6
141,21,16,16
141,22,7,7
141,23,10,10
141,24,5,5
141,25,15,15
141,26,2,2
141,27,4,4
141,28,11,11
141,29,14,14
141,30,3,3
141,31,1,1
141,32,12,12
142,1,15,15
142,2,11,11
142,3,6,6
142,4,8,8
142,5,9,9
142,6,12,12
142,7,5,5
142,8,1,1
142,9,13,13
142,10,3,3
142,11,14,14
142,12,4,4
142,13,10,10
142,14,2,2
142,15,16,16
142,16,7,7
145,14,6,6
145,15,5,8
145,5,2,3
145,11,8,2
145,6,3,5
145,12,7,4
145,3,1,1
145,7,4,7
147,7,1,1
147,6,2,3
147,3,3,5
147,2,4,7
147,8,5,9
147,5,6,11
147,4,7,13
147,1,8,15
147,16,9,17
147,13,10,19
147,12,11,21
147,9,12,23
147,10,13,25
147,11,14,27
147,14,15,29
147,15,16,31
147,21,17,32
147,24,18,30
147,20,19,28
147,17,20,26
147,18,21,24
147,19,22,22
147,22,23,20
147,23,24,18
147,26,25,16
147,27,26,14
147,30,27,12
147,31,28,10
147,25,29,8
147,28,30,6
147,29,31,4
147,32,32,2
148,1,8,15
148,2,4,7
148,3,3,5
148,4,7,13
148,5,6,11
148,6,2,3
148,7,1,1
148,8,5,9
148,9,12,10
148,10,13,8
148,11,14,6
148,12,11,12
148,13,10,14
148,14,15,4
148,15,16,2
148,16,9,16
148,17,20,23
148,18,21,25
148,19,22,27
148,20,19,21
148,21,17,17
148,22,23,29
148,23,24,31
148,24,18,19
148,25,29,24
148,26,25,32
148,27,26,30
148,28,30,22
148,29,31,20
148,30,27,28
148,31,28,26
148,32,32,18
149,7,1,2
149,6,2,4
149,3,3,6
149,2,4,8
149,8,5,7
149,5,6,5
149,4,7,3
149,1,8,1
149,16,9,10
149,13,10,12
149,12,11,14
149,9,12,16
149,10,13,15
149,11,14,13
149,14,15,11
149,15,16,9
149,21,17,18
149,24,18,20
149,20,19,22
149,17,20,24
149,18,21,23
149,19,22,21
149,22,23,19
149,23,24,17
149,26,25,26
149,27,26,28
149,30,27,30
149,31,28,32
149,25,29,31
149,28,30,29
149,29,31,27
149,32,32,25
150,7,1,1
150,6,2,3
150,3,3,4
150,2,4,2
150,8,5,5
150,5,6,7
150,4,7,8
150,1,8,6
150,16,9,9
150,13,10,11
150,12,11,12
150,9,12,10
150,10,13,13
150,11,14,15
150,14,15,16
150,15,16,14
150,21,17,17
150,24,18,19
150,20,19,20
150,17,20,18
150,18,21,21
150,19,22,23
150,22,23,24
150,23,24,22
150,26,25,25
150,27,26,27
150,30,27,28
150,31,28,26
150,25,29,29
150,28,30,31
150,29,31,32
150,32,32,30
151,7,1,2
151,6,2,6
151,3,3,4
151,2,4,8
151,8,5,5
151,5,6,1
151,4,7,7
151,1,8,3
151,16,9,10
151,13,10,14
151,12,11,12
151,9,12,16
151,10,13,13
151,11,14,9
151,14,15,15
151,15,16,11
151,21,17,18
151,24,18,22
151,20,19,20
151,17,20,24
151,18,21,21
151,19,22,17
151,22,23,23
151,23,24,19
151,26,25,26
151,27,26,30
151,30,27,28
151,31,28,32
151,25,29,29
151,28,30,25
151,29,31,31
151,32,32,27
152,7,1,2
152,6,2,4
152,3,3,1
152,2,4,3
152,8,5,6
152,5,6,8
152,4,7,5
152,1,8,7
152,16,9,10
152,13,10,12
152,12,11,9
152,9,12,11
152,10,13,14
152,11,14,16
152,14,15,13
152,15,16,15
152,21,17,18
152,24,18,20
152,20,19,17
152,17,20,19
152,18,21,22
152,19,22,24
152,22,23,21
152,23,24,23
152,26,25,26
152,27,26,28
152,30,27,25
152,31,28,27
152,25,29,30
152,28,30,32
152,29,31,29
152,32,32,31
153,7,12,12
153,6,16,16
153,3,11,11
153,2,15,15
153,8,5,5
153,5,2,2
153,4,6,6
153,1,3,3
153,16,10,10
153,13,14,14
153,12,9,9
153,9,13,13
153,10,8,8
153,11,4,4
153,14,7,7
153,15,1,1
154,1,7,13
154,2,12,23
154,3,2,3
154,4,6,11
154,5,8,15
154,6,13,25
154,7,1,1
154,8,15,29
154,9,10,19
154,10,4,7
154,11,14,27
154,12,16,31
154,13,11,21
154,14,5,9
154,15,9,17
154,16,3,5
154,17,28,10
154,18,31,4
154,19,21,24
154,20,25,16
154,21,27,12
154,22,32,2
154,23,20,26
154,24,24,18
154,25,17,32
154,26,19,28
154,27,29,8
154,28,23,20
154,29,30,6
154,30,26,14
154,31,18,30
154,32,22,22
155,7,1,1
155,3,2,3
155,16,3,5
155,10,4,7
155,14,5,9
155,4,6,11
155,1,7,13
155,5,8,15
155,15,9,16
155,9,10,14
155,13,11,12
155,2,12,10
155,6,13,8
155,11,14,6
155,8,15,4
155,12,16,2
155,25,17,17
155,31,18,19
155,26,19,21
155,23,20,23
155,19,21,25
155,32,22,27
155,28,23,29
155,24,24,31
155,20,25,32
155,30,26,30
155,21,27,28
155,17,28,26
155,27,29,24
155,29,30,22
155,18,31,20
155,22,32,18
156,7,1,2
156,3,2,6
156,16,3,4
156,10,4,8
156,14,5,5
156,4,6,1
156,1,7,7
156,5,8,3
156,15,9,10
156,9,10,14
156,13,11,12
156,2,12,16
156,6,13,13
156,11,14,9
156,8,15,15
156,12,16,11
156,25,17,18
156,31,18,22
156,26,19,20
156,23,20,24
156,19,21,21
156,32,22,17
156,28,23,23
156,24,24,19
156,20,25,26
156,30,26,30
156,21,27,28
156,17,28,32
156,27,29,29
156,29,30,25
156,18,31,31
156,22,32,27
157,8,15,12
157,12,16,10
157,25,17,17
157,31,18,19
157,26,19,21
157,23,20,23
157,19,21,24
157,32,22,22
157,28,23,20
157,24,24,18
157,20,25,25
157,30,26,27
157,21,27,29
157,17,28,31
157,27,29,32
157,29,30,30
157,18,31,28
157,22,32,26
157,7,1,1
157,3,2,3
157,16,3,5
157,10,4,7
157,14,5,8
157,4,6,6
157,1,7,4
157,5,8,2
157,15,9,9
157,9,10,11
157,13,11,13
157,2,12,15
157,6,13,16
157,11,14,14
158,7,1,2
158,3,2,4
158,16,3,1
158,10,4,3
158,14,5,6
158,4,6,8
158,1,7,5
158,5,8,7
158,15,9,10
158,9,10,12
158,13,11,9
158,2,12,11
158,6,13,14
158,11,14,16
158,8,15,13
158,12,16,15
158,25,17,18
158,31,18,20
158,26,19,17
158,23,20,19
158,19,21,22
158,32,22,24
158,28,23,21
158,24,24,23
158,20,25,26
158,30,26,28
158,21,27,25
158,17,28,27
158,27,29,30
158,29,30,32
158,18,31,29
158,22,32,31
159,7,1,1
159,3,2,3
159,16,3,4
159,10,4,2
159,14,5,5
159,4,6,7
159,1,7,8
159,5,8,6
159,15,9,9
159,9,10,11
159,13,11,12
159,2,12,10
159,6,13,13
159,11,14,15
159,8,15,16
159,12,16,14
159,25,17,17
159,31,18,19
159,26,19,20
159,23,20,18
159,19,21,21
159,32,22,23
159,28,23,24
159,24,24,22
159,20,25,25
159,30,26,27
159,21,27,28
159,17,28,26
159,27,29,29
159,29,30,31
159,18,31,32
159,22,32,30
160,1,7,7
160,2,11,11
160,3,15,15
160,4,2,2
160,5,6,6
160,6,12,12
160,7,14,14
160,8,3,3
160,9,13,13
160,10,1,1
160,11,4,4
160,12,16,16
160,13,10,10
160,14,8,8
160,15,5,5
160,16,9,9
161,18,12,10
161,17,16,15
161,19,57,64
161,20,5,1
161,22,4,2
161,21,8,7
161,23,49,56
161,26,13,9
161,25,58,62
161,27,15,13
161,28,50,54
161,30,6,3
161,29,59,60
161,31,7,5
161,32,51,52
161,24,14,11
161,7,19,20
161,15,46,43
161,6,25,32
161,8,41,48
161,3,18,22
161,5,40,39
161,2,24,23
161,4,47,45
161,16,17,24
161,1,33,40
161,13,39,37
161,14,42,46
161,12,23,21
161,11,35,36
161,9,45,41
161,10,48,47
161,41,9,16
161,42,53,49
161,44,62,59
161,43,2,6
161,45,1,8
161,46,61,57
161,48,54,51
161,33,10,14
161,34,63,61
161,36,52,50
161,35,55,53
161,37,3,4
161,38,64,63
161,40,60,58
161,39,56,55
161,47,11,12
161,64,31,29
161,56,44,42
161,61,29,25
161,63,30,27
161,60,22,19
161,62,38,35
161,57,28,26
161,59,32,31
161,55,21,17
161,58,43,44
161,54,36,34
161,53,26,30
161,51,27,28
161,52,37,33
161,50,34,38
161,49,20,18
162,7,1,15
162,6,2,13
162,3,3,11
162,2,4,9
162,8,5,7
162,5,6,5
162,4,7,3
162,1,8,1
162,16,9,31
162,13,10,29
162,12,11,27
162,9,12,25
162,10,13,23
162,11,14,21
162,14,15,19
162,15,16,17
162,21,17,18
162,24,18,20
162,20,19,22
162,17,20,24
162,18,21,26
162,19,22,28
162,22,23,30
162,23,24,32
162,26,25,2
162,27,26,4
162,30,27,6
162,31,28,8
162,25,29,10
162,28,30,12
162,29,31,14
162,32,32,16
163,7,1,2
163,6,2,4
163,3,3,6
163,2,4,8
163,8,5,7
163,5,6,5
163,4,7,3
163,1,8,1
163,16,9,10
163,13,10,12
163,12,11,14
163,9,12,16
163,10,13,15
163,11,14,13
163,14,15,11
163,15,16,9
163,21,17,18
163,24,18,20
163,20,19,22
163,17,20,24
163,18,21,23
163,19,22,21
163,22,23,19
163,23,24,17
163,26,25,26
163,27,26,28
163,30,27,30
163,31,28,32
163,25,29,31
163,28,30,29
163,29,31,27
163,32,32,25
164,8,8,1
164,25,25,2
164,7,7,3
164,26,26,4
164,6,6,5
164,27,27,6
164,5,5,7
164,28,28,8
164,4,4,9
164,29,29,10
164,3,3,11
164,30,30,12
164,2,2,13
164,31,31,14
164,1,1,15
164,32,32,16
164,16,16,17
164,17,17,18
164,15,15,19
164,18,18,20
164,14,14,21
164,19,19,22
164,13,13,23
164,20,20,24
164,12,12,25
164,21,21,26
164,11,11,27
164,22,22,28
164,10,10,29
164,23,23,30
164,9,9,31
164,24,24,32
165,8,8,1
165,1,1,2
165,7,7,3
165,2,2,4
165,6,6,5
165,3,3,6
165,5,5,7
165,4,4,8
165,16,16,9
165,9,9,10
165,15,15,11
165,10,10,12
165,14,14,13
165,11,11,14
165,13,13,15
165,12,12,16
165,24,24,17
165,17,17,18
165,23,23,19
165,18,18,20
165,22,22,21
165,19,19,22
165,21,21,23
165,20,20,24
165,32,32,25
165,25,25,26
165,31,31,27
165,26,26,28
165,30,30,29
165,27,27,30
165,29,29,31
165,28,28,32
166,42,1,1
166,31,2,2
166,39,3,3
166,30,4,4
166,38,5,5
166,27,6,6
166,35,7,7
166,26,8,8
166,34,9,9
166,21,10,10
166,48,11,11
166,20,12,12
166,45,13,13
166,17,14,14
166,44,15,15
166,32,16,16
166,41,17,17
166,29,18,18
166,18,19,19
166,19,20,20
166,22,21,21
166,23,22,22
166,25,23,23
166,28,24,24
166,37,25,25
166,40,26,26
166,47,27,27
166,56,28,28
166,63,29,29
166,62,30,30
166,3,31,31
166,2,32,32
166,16,33,33
166,13,34,34
166,12,35,35
166,9,36,36
166,6,37,37
166,50,38,38
166,7,39,39
166,51,40,40
166,10,41,41
166,54,42,42
166,11,43,43
166,55,44,44
166,14,45,45
166,57,46,46
166,1,47,47
166,60,48,48
166,4,49,49
166,61,50,50
166,5,51,51
166,64,52,52
166,8,53,53
166,49,54,54
167,42,1,1
167,31,2,2
167,39,3,3
167,30,4,4
167,38,5,5
167,27,6,6
167,35,7,7
167,26,8,8
167,34,9,9
167,21,10,10
167,48,11,11
167,20,12,12
167,45,13,13
167,17,14,14
167,44,15,15
167,32,16,16
167,41,17,17
167,29,18,18
167,18,19,19
167,19,20,20
167,22,21,21
167,23,22,22
167,25,23,23
167,28,24,24
167,37,25,25
167,40,26,26
167,47,27,27
167,56,28,28
167,63,29,29
167,62,30,30
167,3,31,31
167,2,32,32
167,16,33,33
167,13,34,34
167,12,35,35
167,9,36,36
167,6,37,37
167,50,38,38
167,7,39,39
167,51,40,40
167,10,41,41
167,54,42,42
167,11,43,43
167,55,44,44
167,14,45,45
167,57,46,46
167,1,47,47
167,60,48,48
167,4,49,49
167,61,50,50
167,5,51,51
167,64,52,52
167,8,53,53
167,49,54,54
168,1,47,47
168,2,32,32
168,3,31,31
168,4,49,49
168,5,51,51
168,6,37,37
168,7,39,39
168,8,53,53
168,9,36,36
168,10,41,41
168,11,43,43
168,12,35,35
168,13,34,34
168,14,45,45
168,16,33,33
168,17,14,14
168,18,19,19
168,19,20,20
168,20,12,12
168,21,10,10
168,22,21,21
168,23,22,22
168,25,23,23
168,26,8,8
168,27,6,6
168,28,24,24
168,29,18,18
168,30,4,4
168,31,2,2
168,32,16,16
168,34,9,9
168,35,7,7
168,37,25,25
168,38,5,5
168,39,3,3
168,40,26,26
168,41,17,17
168,42,1,1
168,44,15,15
168,45,13,13
168,47,27,27
168,48,11,11
168,49,54,54
168,50,38,38
168,51,40,40
168,54,42,42
168,55,44,44
168,56,28,28
168,57,46,46
168,60,48,48
168,61,50,50
168,62,30,30
168,63,29,29
168,64,52,52
169,1,47,47
169,2,32,32
169,3,31,31
169,4,49,49
169,5,51,51
169,6,37,37
169,7,39,39
169,8,53,53
169,9,36,36
169,10,41,41
169,11,43,43
169,12,35,35
169,13,34,34
169,14,45,45
169,16,33,33
169,17,14,14
169,18,19,19
169,19,20,20
169,20,12,12
169,21,10,10
169,22,21,21
169,23,22,22
169,25,23,23
169,26,8,8
169,27,6,6
169,28,24,24
169,29,18,18
169,30,4,4
169,31,2,2
169,32,16,16
169,34,9,9
169,35,7,7
169,37,25,25
169,38,5,5
169,39,3,3
169,40,26,26
169,41,17,17
169,42,1,1
169,44,15,15
169,45,13,13
169,47,27,27
169,48,11,11
169,49,54,54
169,50,38,38
169,51,40,40
169,54,42,42
169,55,44,44
169,56,28,28
169,57,46,46
169,60,48,48
169,61,50,50
169,62,30,30
169,63,29,29
169,64,52,52
170,1,47,47
170,2,32,32
170,3,31,31
170,4,49,49
170,5,51,51
170,6,37,37
170,7,39,39
170,8,53,53
170,9,36,36
170,10,41,41
170,11,43,43
170,12,35,35
170,13,34,34
170,14,45,45
170,16,33,33
170,17,14,14
170,18,19,19
170,19,20,20
170,20,12,12
170,21,10,10
170,22,21,21
170,23,22,22
170,25,23,23
170,26,8,8
170,27,6,6
170,28,24,24
170,29,18,18
170,30,4,4
170,31,2,2
170,32,16,16
170,34,9,9
170,35,7,7
170,37,25,25
170,38,5,5
170,39,3,3
170,40,26,26
170,41,17,17
170,42,1,1
170,44,15,15
170,45,13,13
170,47,27,27
170,48,11,11
170,49,54,54
170,50,38,38
170,51,40,40
170,54,42,42
170,55,44,44
170,56,28,28
170,57,46,46
170,60,48,48
170,61,50,50
170,62,30,30
170,63,29,29
170,64,52,52
172,1,3,5
172,2,15,4
172,3,11,12
172,4,6,11
172,5,2,3
172,6,16,2
172,7,12,10
172,8,5,9
172,9,13,8
172,10,8,15
172,11,4,7
172,12,9,16
172,13,14,6
172,14,7,13
172,15,1,1
172,16,10,14
173,13,1,1
173,12,2,3
173,16,3,5
173,9,4,7
173,2,5,8
173,10,6,6
173,3,7,4
173,14,8,2
173,6,9,9
173,4,10,11
173,7,11,13
173,8,12,15
173,11,13,16
173,1,14,14
173,5,15,12
173,15,16,10
173,24,17,17
173,30,18,19
173,26,19,21
173,20,20,23
173,31,21,24
173,21,22,22
173,27,23,20
173,18,24,18
173,17,25,25
173,22,26,27
173,19,27,29
173,25,28,31
173,23,29,32
173,29,30,30
173,28,31,28
173,32,32,26
174,7,1,1
174,3,2,3
174,16,3,5
174,10,4,7
174,14,5,8
174,4,6,6
174,6,7,4
174,2,8,2
174,13,9,9
174,11,10,11
174,1,11,13
174,5,12,15
174,15,13,16
174,9,14,14
174,8,15,12
174,12,16,10
174,18,17,17
174,24,18,19
174,19,19,21
174,31,20,23
174,27,21,24
174,21,22,22
174,17,23,20
174,23,24,18
174,28,25,25
174,32,26,27
174,30,27,29
174,26,28,31
174,20,29,32
174,22,30,30
174,25,31,28
174,29,32,26
178,9,5,1
178,12,4,2
178,16,6,3
178,1,3,4
178,4,7,5
178,14,2,6
178,3,8,7
178,8,1,8
178,2,13,9
178,63,12,10
178,59,14,11
178,13,11,12
178,6,15,13
178,7,10,14
178,53,16,15
178,10,9,16
178,58,21,17
178,51,20,18
178,60,22,19
178,62,19,20
178,52,23,21
178,49,18,22
178,64,24,23
178,56,17,24
178,55,29,25
178,57,28,26
178,5,30,27
178,61,27,28
178,15,31,29
178,54,26,30
178,11,32,31
178,50,25,32
178,34,37,33
178,48,36,34
178,38,38,35
178,30,35,36
178,45,39,37
178,24,34,38
178,41,40,39
178,20,33,40
178,44,45,41
178,33,44,42
178,37,46,43
178,35,43,44
178,42,47,45
178,43,42,46
178,47,48,47
178,39,41,48
178,40,53,49
178,25,52,50
178,22,54,51
178,36,51,52
178,32,55,53
178,29,50,54
178,17,56,55
178,46,49,56
178,19,61,57
178,18,60,58
178,26,62,59
178,23,59,60
178,21,63,61
178,27,58,62
178,31,64,63
178,28,57,64
179,15,1,1
179,5,2,3
179,2,3,5
179,6,4,7
179,7,5,8
179,3,6,6
179,4,7,4
179,8,8,2
181,18,1,1
181,17,32,2
181,19,57,48
181,20,14,27
181,22,16,31
181,21,8,15
181,23,33,33
181,26,3,5
181,25,55,52
181,27,31,4
181,28,34,35
181,30,12,23
181,29,53,56
181,31,10,19
181,32,35,37
181,24,30,6
181,7,9,17
181,15,56,50
181,6,29,8
181,8,42,51
181,3,7,13
181,5,36,39
181,2,23,20
181,4,58,46
181,16,5,9
181,1,54,54
181,13,38,43
181,14,44,55
181,12,21,24
181,11,37,41
181,9,52,58
181,10,60,42
181,41,6,11
181,42,64,34
181,44,47,61
181,43,20,26
181,45,22,22
181,46,49,64
181,48,63,36
181,33,4,7
181,34,45,57
181,36,62,38
181,35,61,40
181,37,18,30
181,38,43,53
181,40,51,60
181,39,59,44
181,47,2,3
181,64,19,28
181,56,50,62
181,61,24,18
181,63,28,10
181,60,17,32
181,62,39,45
181,57,25,16
181,59,11,21
181,55,15,29
181,58,48,63
181,54,41,49
181,53,27,12
181,51,26,14
181,52,40,47
181,50,46,59
181,49,13,25
191,2,7,7
191,3,4,4
191,4,1,1
191,5,25,25
191,6,9,9
191,7,6,6
191,10,3,3
191,11,27,27
191,13,5,5
191,15,26,26
191,16,2,2
191,17,52,52
191,20,28,28
191,22,50,50
191,23,53,53
191,24,29,29
191,25,48,48
191,27,54,54
191,28,51,51
191,29,46,46
191,30,30,30
191,32,49,49
191,33,40,40
191,34,32,32
191,35,35,35
191,36,45,45
191,37,42,42
191,38,31,31
191,39,33,33
191,40,47,47
191,41,36,36
191,42,41,41
191,43,38,38
191,44,39,39
191,45,34,34
191,46,43,43
191,47,44,44
191,48,37,37
191,49,14,14
191,50,19,19
191,51,16,16
191,52,17,17
191,53,12,12
191,54,21,21
191,55,18,18
191,56,11,11
191,57,23,23
191,58,15,15
191,59,10,10
191,60,20,20
191,61,24,24
191,62,13,13
191,63,8,8
191,64,22,22
192,2,7,7
192,3,4,4
192,4,1,1
192,5,25,25
192,6,9,9
192,7,6,6
192,10,3,3
192,11,27,27
192,13,5,5
192,15,26,26
192,16,2,2
192,17,52,52
192,20,28,28
192,22,50,50
192,23,53,53
192,24,29,29
192,25,48,48
192,27,54,54
192,28,51,51
192,29,46,46
192,30,30,30
192,32,49,49
192,33,40,40
192,34,32,32
192,35,35,35
192,36,45,45
192,37,42,42
192,38,31,31
192,39,33,33
192,40,47,47
192,41,36,36
192,42,41,41
192,43,38,38
192,44,39,39
192,45,34,34
192,46,43,43
192,47,44,44
192,48,37,37
192,49,14,14
192,50,19,19
192,51,16,16
192,52,17,17
192,53,12,12
192,54,21,21
192,55,18,18
192,56,11,11
192,57,23,23
192,58,15,15
192,59,10,10
192,60,20,20
192,61,24,24
192,62,13,13
192,63,8,8
192,64,22,22
193,2,7,7
193,3,4,4
193,4,1,1
193,5,25,25
193,6,9,9
193,7,6,6
193,10,3,3
193,11,27,27
193,13,5,5
193,15,26,26
193,16,2,2
193,17,52,52
193,20,28,28
193,22,50,50
193,23,53,53
193,24,29,29
193,25,48,48
193,27,54,54
193,28,51,51
193,29,46,46
193,30,30,30
193,32,49,49
193,33,40,40
193,34,32,32
193,35,35,35
193,36,45,45
193,37,42,42
193,38,31,31
193,39,33,33
193,40,47,47
193,41,36,36
193,42,41,41
193,43,38,38
193,44,39,39
193,45,34,34
193,46,43,43
193,47,44,44
193,48,37,37
193,49,14,14
193,50,19,19
193,51,16,16
193,52,17,17
193,53,12,12
193,54,21,21
193,55,18,18
193,56,11,11
193,57,23,23
193,58,15,15
193,59,10,10
193,60,20,20
193,61,24,24
193,62,13,13
193,63,8,8
193,64,22,22
194,2,7,7
194,3,4,4
194,4,1,1
194,5,25,25
194,6,9,9
194,7,6,6
194,10,3,3
194,11,27,27
194,13,5,5
194,15,26,26
194,16,2,2
194,17,52,52
194,20,28,28
194,22,50,50
194,23,53,53
194,24,29,29
194,25,48,48
194,27,54,54
194,28,51,51
194,29,46,46
194,30,30,30
194,32,49,49
194,33,40,40
194,34,32,32
194,35,35,35
194,36,45,45
194,37,42,42
194,38,31,31
194,39,33,33
194,40,47,47
194,41,36,36
194,42,41,41
194,43,38,38
194,44,39,39
194,45,34,34
194,46,43,43
194,47,44,44
194,48,37,37
194,49,14,14
194,50,19,19
194,51,16,16
194,52,17,17
194,53,12,12
194,54,21,21
194,55,18,18
194,56,11,11
194,57,23,23
194,58,15,15
194,59,10,10
194,60,20,20
194,61,24,24
194,62,13,13
194,63,8,8
194,64,22,22
195,2,7,7
195,3,4,4
195,4,1,1
195,5,25,25
195,6,9,9
195,7,6,6
195,10,3,3
195,11,27,27
195,13,5,5
195,15,26,26
195,16,2,2
195,17,52,52
195,20,28,28
195,22,50,50
195,23,53,53
195,24,29,29
195,25,48,48
195,27,54,54
195,28,51,51
195,29,46,46
195,30,30,30
195,32,49,49
195,33,40,40
195,34,32,32
195,35,35,35
195,36,45,45
195,37,42,42
195,38,31,31
195,39,33,33
195,40,47,47
195,41,36,36
195,42,41,41
195,43,38,38
195,44,39,39
195,45,34,34
195,46,43,43
195,47,44,44
195,48,37,37
195,49,14,14
195,50,19,19
195,51,16,16
195,52,17,17
195,53,12,12
195,54,21,21
195,55,18,18
195,56,11,11
195,57,23,23
195,58,15,15
195,59,10,10
195,60,20,20
195,61,24,24
195,62,13,13
195,63,8,8
195,64,22,22
196,9,2,6
196,4,11,12
196,14,9,16
196,2,15,13
196,11,4,2
196,8,12,10
196,15,10,14
196,6,16,15
196,1,6,3
196,16,3,4
196,5,8,7
196,13,1,8
196,12,5,1
196,3,13,9
196,7,14,11
196,10,7,5
196,27,25,32
196,23,32,31
196,21,27,28
196,22,30,27
196,19,31,29
196,20,26,30
196,18,28,26
196,32,17,24
196,26,24,23
196,25,20,18
196,17,29,25
196,30,22,19
196,31,23,21
196,28,18,22
196,29,19,20
196,24,21,17
198,26,3,4
198,27,4,2
198,1,20,18
198,30,16,15
198,14,7,5
198,31,1,8
198,11,19,20
198,17,29,25
198,10,10,14
198,20,6,3
198,21,32,31
198,24,15,13
198,9,25,32
198,12,8,7
198,13,22,19
198,16,11,12
198,2,9,16
198,3,12,10
198,6,14,11
198,7,13,9
198,23,28,26
198,22,5,1
198,19,31,29
198,15,24,23
198,18,2,6
198,8,26,30
198,25,30,27
198,5,21,17
198,28,27,28
198,4,23,21
198,29,17,24
198,32,18,22
199,1,11,13
199,2,8,2
199,3,2,3
199,4,6,6
199,5,12,15
199,6,7,4
199,7,1,1
199,8,15,12
199,9,14,14
199,10,4,7
199,11,10,11
199,12,16,10
199,13,9,9
199,14,5,8
199,15,13,16
199,16,3,5
199,17,23,20
199,18,17,17
199,19,19,21
199,20,29,32
199,21,22,22
199,22,30,30
199,23,24,18
199,24,18,19
199,25,31,28
199,26,28,31
199,27,21,24
199,28,25,25
199,29,32,26
199,30,27,29
199,31,20,23
199,32,26,27
200,1,21,24
200,2,10,11
200,3,20,23
200,4,8,2
200,5,27,29
200,6,4,7
200,7,14,14
200,8,9,9
200,9,22,22
200,10,32,26
200,11,28,31
200,12,31,28
200,13,16,10
200,14,15,12
200,15,3,5
200,16,26,27
200,17,12,15
200,18,19,21
200,19,5,8
200,20,24,18
200,21,7,4
200,22,13,16
200,23,1,1
200,24,2,3
200,25,30,30
200,26,23,20
200,27,29,32
200,28,17,17
200,29,25,25
200,30,18,19
200,31,6,6
200,32,11,13
201,1,11,13
201,2,8,2
201,3,2,3
201,4,6,6
201,5,12,15
201,6,7,4
201,7,1,1
201,8,15,12
201,9,14,14
201,10,4,7
201,11,10,11
201,12,16,10
201,13,9,9
201,14,5,8
201,15,13,16
201,16,3,5
201,17,23,20
201,18,17,17
201,19,19,21
201,20,29,32
201,21,22,22
201,22,30,30
201,23,24,18
201,24,18,19
201,25,31,28
201,26,28,31
201,27,21,24
201,28,25,25
201,29,32,26
201,30,27,29
201,31,20,23
201,32,26,27
202,26,1,1
202,27,2,3
202,1,3,5
202,30,4,7
202,14,5,8
202,31,6,6
202,11,7,4
202,17,8,2
202,10,9,9
202,20,10,11
202,21,11,13
202,24,12,15
202,9,13,16
202,12,14,14
202,13,15,12
202,16,16,10
202,2,17,17
202,3,18,19
202,6,19,21
202,7,20,23
202,23,21,24
202,22,22,22
202,19,23,20
202,15,24,18
202,18,25,25
202,8,26,27
202,25,27,29
202,5,28,31
202,28,29,32
202,4,30,30
202,29,31,28
202,32,32,26
203,15,1,16
203,5,2,15
203,1,3,13
203,11,4,11
203,9,5,14
203,13,6,9
203,2,7,2
203,6,8,4
203,8,9,12
203,4,10,6
203,14,11,8
203,10,12,7
203,12,13,10
203,16,14,5
203,3,15,3
203,7,16,1
203,29,17,26
203,25,18,28
203,22,19,30
203,18,20,17
203,20,21,32
203,26,22,31
203,30,23,29
203,24,24,19
203,32,25,27
203,28,26,25
203,23,27,18
203,19,28,21
203,17,29,20
203,21,30,22
203,27,31,24
203,31,32,23
204,14,21,24
204,3,10,11
204,2,20,23
204,5,8,2
204,4,27,29
204,7,4,7
204,6,14,14
204,15,9,9
204,12,22,22
204,11,32,26
204,10,28,31
204,9,31,28
204,16,16,10
204,1,15,12
204,8,3,5
204,13,26,27
204,30,12,15
204,19,19,21
204,18,5,8
204,21,24,18
204,20,7,4
204,23,13,16
204,22,1,1
204,31,2,3
204,28,30,30
204,27,23,20
204,26,29,32
204,25,17,17
204,32,25,25
204,17,18,19
204,24,6,6
204,29,11,13
206,26,1,1
206,27,2,3
206,1,3,5
206,30,4,7
206,14,5,8
206,31,6,6
206,11,7,4
206,17,8,2
206,10,9,9
206,20,10,11
206,21,11,13
206,24,12,15
206,9,13,16
206,12,14,14
206,13,15,12
206,16,16,10
206,2,17,17
206,3,18,19
206,6,19,21
206,7,20,23
206,23,21,24
206,22,22,22
206,19,23,20
206,15,24,18
206,18,25,25
206,8,26,27
206,25,27,29
206,5,28,31
206,28,29,32
206,4,30,30
206,29,31,28
206,32,32,26
207,1,21,24
207,2,10,11
207,3,20,23
207,4,8,2
207,5,27,29
207,6,4,7
207,7,14,14
207,8,9,9
207,9,22,22
207,10,32,26
207,11,28,31
207,12,31,28
207,13,16,10
207,14,15,12
207,15,3,5
207,16,26,27
207,17,12,15
207,18,19,21
207,19,5,8
207,20,24,18
207,21,7,4
207,22,13,16
207,23,1,1
207,24,2,3
207,25,30,30
207,26,23,20
207,27,29,32
207,28,17,17
207,29,25,25
207,30,18,19
207,31,6,6
207,32,11,13
208,1,15,12
208,2,20,23
208,3,10,11
208,4,27,29
208,5,8,2
208,6,14,14
208,7,4,7
208,8,3,5
208,9,31,28
208,10,28,31
208,11,32,26
208,17,18,19
208,12,22,22
208,13,26,27
208,14,21,24
208,15,9,9
208,16,16,10
208,18,5,8
208,19,19,21
208,20,7,4
208,21,24,18
208,22,1,1
208,23,13,16
208,24,6,6
208,26,29,32
208,27,23,20
208,25,17,17
208,28,30,30
208,29,11,13
208,30,12,15
208,31,2,3
208,32,25,25
209,6,1,15
209,2,2,13
209,13,3,11
209,9,4,9
209,11,5,7
209,1,6,5
209,5,7,3
209,15,8,1
209,8,9,2
209,4,10,4
209,14,11,6
209,10,12,8
209,12,13,10
209,16,14,12
209,3,15,14
209,7,16,16
210,10,4,1
210,14,3,2
210,1,8,3
210,11,7,4
210,4,2,5
210,5,9,6
210,9,6,7
210,8,1,8
210,15,10,9
210,12,5,10
211,8,41,45
211,14,42,42
211,1,33,41
211,12,23,33
211,9,45,34
211,16,17,37
211,4,47,40
211,3,18,39
211,10,48,38
211,7,19,46
211,13,39,35
211,63,30,13
211,2,24,36
211,59,32,9
211,6,25,48
211,53,26,12
211,56,44,15
211,49,20,16
211,62,38,11
211,51,27,6
211,58,43,10
211,60,22,3
211,52,37,14
211,64,31,7
211,50,34,8
211,54,36,4
211,61,29,5
211,57,28,1
211,55,21,2
211,5,40,43
211,15,46,47
211,11,35,44
211,20,5,19
211,24,14,24
211,30,6,20
211,48,54,57
211,34,63,58
211,38,64,62
211,45,1,59
211,41,9,63
211,39,56,64
211,43,2,53
211,35,55,60
211,33,10,49
211,44,62,61
211,37,3,52
211,42,53,55
211,47,11,56
211,46,61,51
211,29,59,23
211,36,52,50
211,25,58,27
211,40,60,54
211,22,4,28
211,32,51,21
211,17,16,29
211,28,50,32
211,27,15,31
211,23,49,30
211,18,12,25
211,19,57,26
211,26,13,18
211,21,8,17
211,31,7,22
212,15,1,5
212,5,2,7
212,1,3,3
212,11,4,11
212,9,5,9
212,13,6,1
212,2,7,13
212,6,8,15
212,7,9,16
212,3,10,14
212,16,11,2
212,12,12,10
212,10,13,12
212,14,14,4
212,4,15,8
212,8,16,6
213,1,46,46
213,2,43,45
213,3,55,52
213,4,50,51
213,5,47,44
213,6,34,35
213,7,56,50
213,8,49,49
213,9,45,48
213,10,52,55
213,11,33,33
213,12,53,56
213,13,44,47
213,14,51,53
213,15,48,42
213,16,54,54
213,17,39,36
213,18,60,63
213,19,35,37
213,20,61,64
213,21,38,38
213,22,59,61
213,23,40,34
213,24,64,58
213,25,58,59
213,26,62,62
213,27,37,40
213,28,41,41
213,29,57,57
213,30,63,60
213,31,36,39
213,32,42,43
213,33,14,14
213,34,10,11
213,35,22,22
213,36,18,19
213,37,15,12
213,38,9,9
213,39,31,28
213,40,17,17
213,41,12,15
213,42,32,26
213,43,13,16
213,44,20,23
213,45,11,13
213,46,19,21
213,47,16,10
213,48,21,24
213,49,4,7
213,50,30,30
213,51,5,8
213,52,26,27
213,53,3,5
213,54,25,25
213,55,6,6
213,56,29,32
213,57,24,18
213,58,27,29
213,59,2,3
213,60,7,4
213,61,23,20
213,62,28,31
213,63,1,1
213,64,8,2
214,1,6,6
214,2,14,14
214,3,13,16
214,4,3,5
214,5,4,7
214,6,16,10
214,7,15,12
214,8,1,1
214,9,10,11
214,10,7,4
214,11,8,2
214,12,9,9
214,13,12,15
214,14,5,8
214,15,2,3
214,16,11,13
214,17,57,57
214,18,56,50
214,19,55,52
214,20,58,59
214,21,59,61
214,22,54,54
214,23,53,56
214,24,64,58
214,25,52,55
214,26,60,63
214,27,61,64
214,28,51,53
214,29,50,51
214,30,62,62
214,31,63,60
214,32,49,49
214,33,25,25
214,34,28,31
214,35,18,19
214,36,22,22
214,37,24,18
214,38,29,32
214,39,17,17
214,40,31,28
214,41,26,27
214,42,20,23
214,43,30,30
214,44,32,26
214,45,27,29
214,46,21,24
214,47,23,20
214,48,19,21
214,49,35,37
214,50,33,33
214,51,39,36
214,52,45,48
214,53,40,34
214,54,46,46
214,55,38,38
214,56,34,35
214,57,47,44
214,58,44,47
214,59,41,41
214,60,37,40
214,61,48,42
214,62,43,45
214,63,42,43
214,64,36,39
216,8,8,1
216,12,5,2
216,14,7,3
216,10,6,4
216,7,4,5
216,4,1,6
216,3,3,7
216,16,2,8
216,5,16,9
216,6,13,10
216,13,15,11
216,2,14,12
216,9,12,13
216,15,9,14
216,11,11,15
216,1,10,16
217,1,1,1
217,4,2,3
217,13,3,5
217,10,4,7
217,8,5,8
217,16,6,6
217,14,7,4
217,3,8,2
217,12,9,9
217,7,10,11
217,2,11,13
217,6,12,15
217,9,13,16
217,5,14,14
217,15,15,12
217,11,16,10
217,20,17,17
217,24,18,19
217,30,19,21
217,18,20,23
217,29,21,24
217,25,22,22
217,32,23,20
217,19,24,18
217,28,25,25
217,21,26,27
217,23,27,29
217,31,28,31
217,17,29,32
217,22,30,30
217,27,31,28
217,26,32,26
218,8,1,1
218,15,2,3
218,4,3,5
218,5,4,7
218,14,5,9
218,1,6,11
218,10,7,13
218,11,8,15
218,12,9,17
218,9,10,19
218,16,11,21
218,13,12,23
218,3,13,25
218,2,14,27
218,7,15,29
218,6,16,31
218,39,17,32
218,35,18,30
218,48,19,28
218,42,20,26
218,46,21,24
218,36,22,22
218,47,23,20
218,37,24,18
218,33,25,16
218,41,26,14
218,45,27,12
218,34,28,10
218,38,29,8
218,43,30,6
218,40,31,4
218,44,32,2
218,50,33,33
218,56,34,35
218,49,35,37
218,64,36,39
218,60,37,41
218,55,38,43
218,51,39,45
218,53,40,47
218,59,41,49
218,63,42,51
218,62,43,53
218,58,44,55
218,52,45,57
218,54,46,59
218,57,47,61
218,61,48,63
218,32,49,64
218,29,50,62
218,28,51,60
218,25,52,58
218,23,53,56
218,22,54,54
218,19,55,52
218,18,56,50
218,17,57,48
218,20,58,46
218,21,59,44
218,26,60,42
218,27,61,40
218,30,62,38
218,31,63,36
218,24,64,34
219,63,1,1
219,59,2,3
219,53,3,5
219,49,4,7
219,51,5,9
219,55,6,11
219,60,7,13
219,64,8,15
219,38,9,17
219,34,10,19
219,45,11,21
219,41,12,23
219,43,13,25
219,33,14,27
219,37,15,29
219,47,16,31
219,40,17,32
219,36,18,30
219,46,19,28
219,44,20,26
219,48,21,24
219,35,22,22
219,61,23,20
219,57,24,18
219,54,25,16
219,52,26,14
219,58,27,12
219,62,28,10
219,56,29,8
219,50,30,6
219,39,31,4
219,42,32,2
219,11,33,33
219,6,34,35
219,19,35,37
219,31,36,39
219,27,37,41
219,21,38,43
219,17,39,45
219,23,40,47
219,28,41,49
219,32,42,51
219,2,43,53
219,13,44,55
219,9,45,57
219,1,46,59
219,5,47,61
219,15,48,63
219,8,49,64
219,4,50,62
219,14,51,60
219,10,52,58
219,12,53,56
219,16,54,54
219,3,55,52
219,7,56,50
219,29,57,48
219,25,58,46
219,22,59,44
219,18,60,42
219,20,61,40
219,26,62,38
219,30,63,36
219,24,64,34
220,8,1,1
220,14,2,3
220,1,3,5
220,12,4,7
220,9,5,9
220,16,6,11
220,4,7,13
220,3,8,15
220,10,9,17
220,7,10,19
220,13,11,21
220,63,12,23
220,2,13,25
220,59,14,27
220,6,15,29
220,53,16,31
220,56,17,32
220,49,18,30
220,62,19,28
220,51,20,26
220,58,21,24
220,60,22,22
220,52,23,20
220,64,24,18
220,50,25,16
220,54,26,14
220,61,27,12
220,57,28,10
220,55,29,8
220,5,30,6
220,15,31,4
220,11,32,2
220,20,33,33
220,24,34,35
220,30,35,37
220,48,36,39
220,34,37,41
220,38,38,43
220,45,39,45
220,41,40,47
220,39,41,49
220,43,42,51
220,35,43,53
220,33,44,55
220,44,45,57
220,37,46,59
220,42,47,61
220,47,48,63
220,46,49,64
220,29,50,62
220,36,51,60
220,25,52,58
220,40,53,56
220,22,54,54
220,32,55,52
220,17,56,50
220,28,57,48
220,27,58,46
220,23,59,44
220,18,60,42
220,19,61,40
220,26,62,38
220,21,63,36
220,31,64,34
223,38,16,1
223,39,15,2
223,34,14,3
223,35,13,4
223,45,12,5
223,40,1,6
223,47,2,7
223,36,3,8
223,37,4,9
223,46,5,10
223,33,6,11
223,42,7,12
223,43,8,13
223,44,9,14
223,41,10,15
223,48,11,16
223,29,17,17
223,25,18,18
223,22,19,19
223,18,20,20
223,20,21,21
223,32,32,22
223,28,31,23
223,23,30,24
223,19,29,25
223,17,28,26
223,21,27,27
223,27,26,28
223,31,25,29
223,24,24,30
223,30,23,31
223,26,22,32
223,7,48,33
223,3,47,34
223,16,46,35
223,12,45,36
223,10,44,37
223,6,33,38
223,2,34,39
223,13,35,40
223,9,36,41
223,11,37,42
223,1,38,43
223,5,39,44
223,15,40,45
223,8,41,46
223,4,42,47
223,14,43,48
223,64,49,49
223,61,50,50
223,60,51,51
223,57,52,52
223,55,53,53
223,56,64,54
223,63,63,55
223,62,62,56
223,59,61,57
223,58,60,58
223,53,59,59
223,52,58,60
223,49,57,61
223,50,56,62
223,51,55,63
223,54,54,64
224,40,1,9
224,47,2,10
224,36,3,11
224,37,4,12
224,46,5,13
224,33,6,14
224,42,7,15
224,43,8,16
224,44,9,17
224,41,10,18
224,48,11,19
224,45,12,20
224,35,13,21
224,34,14,22
224,39,15,23
224,38,16,24
224,29,17,25
224,25,18,26
224,22,19,27
224,18,20,28
224,20,21,29
224,26,22,30
224,30,23,31
224,24,24,32
224,31,25,8
224,27,26,7
224,21,27,6
224,17,28,5
224,19,29,4
224,23,30,3
224,28,31,2
224,32,32,1
224,6,33,33
224,2,34,34
224,13,35,35
224,9,36,36
224,11,37,37
224,1,38,38
224,5,39,39
224,15,40,40
224,8,41,64
224,4,42,63
224,14,43,62
224,10,44,61
224,12,45,60
224,16,46,59
224,3,47,58
224,7,48,57
224,64,49,56
224,61,50,55
224,60,51,54
224,57,52,53
224,55,53,52
224,54,54,51
224,51,55,50
224,50,56,49
224,49,57,48
224,52,58,47
224,53,59,46
224,58,60,45
224,59,61,44
224,62,62,43
224,63,63,42
224,56,64,41
225,13,14,16
225,10,12,9
225,11,16,13
225,16,13,14
225,12,15,15
225,14,10,12
225,15,9,10
225,9,11,11
225,8,6,8
225,2,5,6
225,3,1,2
225,5,2,4
225,1,3,3
225,6,7,7
225,7,8,5
225,4,4,1
226,1,54,51
226,2,23,21
226,3,7,5
226,4,58,62
226,5,36,34
226,6,29,25
226,7,9,16
226,8,42,46
226,9,52,50
226,10,60,58
226,11,37,33
226,12,21,17
226,13,38,35
226,14,44,42
226,15,56,55
226,16,5,1
226,17,32,31
226,18,1,8
226,19,57,64
226,20,14,11
226,21,8,7
226,22,16,15
226,23,33,40
226,24,30,27
226,25,55,53
226,26,3,4
226,27,31,29
226,28,34,38
226,29,53,49
226,30,12,10
226,31,10,14
226,32,35,36
226,33,4,2
226,34,45,41
226,35,61,57
226,36,62,59
226,37,18,22
226,38,43,44
226,39,59,60
226,40,51,52
226,41,6,3
226,42,64,63
226,43,20,18
226,44,47,45
226,45,22,19
226,46,49,56
226,47,2,6
226,48,63,61
226,49,13,9
226,50,46,43
226,51,26,30
226,52,40,39
226,53,27,28
226,54,41,48
226,55,15,13
226,56,50,54
226,57,25,32
226,58,48,47
226,59,11,12
226,60,17,24
226,61,24,23
226,62,39,37
226,63,28,26
226,64,19,20
227,24,13,1
227,20,11,2
227,31,14,3
227,27,8,4
227,10,15,5
227,14,5,6
227,9,16,7
227,13,2,8
227,2,32,9
227,6,30,10
227,4,29,11
227,8,27,12
227,32,26,13
227,28,24,14
227,18,23,15
227,22,21,16
227,21,12,17
227,17,10,18
227,30,9,19
227,26,7,20
227,11,6,21
227,1,4,22
227,12,3,23
227,16,1,24
227,3,31,25
227,7,17,26
227,5,28,27
227,15,18,28
227,29,25,29
227,25,19,30
227,19,22,31
227,23,20,32
228,14,1,6
228,1,2,8
228,5,3,7
228,15,4,5
228,11,5,2
228,8,6,4
228,4,7,3
228,10,8,1
228,12,9,14
228,3,10,16
228,7,11,15
228,9,12,13
228,6,13,10
228,2,14,12
228,13,15,11
228,16,16,9
230,26,1,1
230,27,2,3
230,1,3,5
230,30,4,7
230,14,5,9
230,31,6,11
230,11,7,13
230,17,8,15
230,10,9,17
230,20,10,19
230,21,11,21
230,24,12,23
230,9,13,25
230,12,14,27
230,13,15,29
230,16,16,31
230,2,17,32
230,3,18,30
230,6,19,28
230,7,20,26
230,23,21,24
230,22,22,22
230,19,23,20
230,15,24,18
230,18,25,16
230,8,26,14
230,25,27,12
230,5,28,10
230,28,29,8
230,4,30,6
230,29,31,4
230,32,32,2
231,22,1,1
231,19,2,3
231,23,3,5
231,18,4,7
231,25,5,9
231,17,6,11
231,28,7,13
231,21,8,15
231,29,9,17
231,27,10,19
231,32,11,21
231,31,12,23
231,20,13,25
231,26,14,27
231,30,15,29
231,24,16,31
231,15,17,32
231,5,18,30
231,1,19,28
231,11,20,26
231,8,21,24
231,14,22,22
231,4,23,20
231,9,24,18
231,10,25,16
231,13,26,14
231,12,27,12
231,2,28,10
231,16,29,8
231,6,30,6
231,3,31,4
231,7,32,2
234,15,1,2
234,14,2,4
234,11,3,6
234,10,4,8
234,9,5,10
234,12,6,12
234,13,7,14
234,16,8,16
234,7,9,18
234,6,10,20
234,3,23,19
234,2,24,17
234,8,25,15
234,5,26,13
234,4,27,11
234,1,28,9
234,26,29,7
234,27,30,5
234,30,31,3
234,31,32,1
234,25,21,21
234,28,22,22
234,29,11,23
234,32,12,24
234,23,13,25
234,22,14,26
234,19,15,27
234,18,16,28
234,17,17,29
234,20,18,30
234,24,19,31
234,21,20,32
236,12,9,14
236,3,10,16
236,7,11,15
236,9,12,13
236,6,13,10
236,2,14,12
236,13,15,11
236,16,16,9
236,14,1,6
236,1,2,8
236,5,3,7
236,15,4,5
236,11,5,2
236,8,6,4
236,4,7,3
236,10,8,1
237,26,1,31
237,30,2,29
237,20,3,27
237,24,4,25
237,32,5,23
237,19,6,21
237,23,7,19
237,21,8,17
237,31,9,15
237,17,10,13
237,27,11,11
237,25,12,9
237,29,13,7
237,18,14,5
237,22,15,3
237,28,16,1
237,7,17,2
237,3,18,4
237,16,19,6
237,12,20,8
237,10,21,10
237,14,22,12
237,4,23,14
237,8,24,16
237,15,25,18
237,5,26,20
237,1,27,22
237,11,28,24
237,9,29,26
237,13,30,28
237,2,31,30
237,6,32,32
239,1,1,1
239,11,2,3
239,5,3,5
239,4,4,7
239,8,5,9
239,15,6,11
239,14,7,13
239,10,8,15
239,12,9,16
239,16,10,14
239,6,11,12
239,7,12,10
239,3,13,8
239,2,14,6
239,9,15,4
239,13,16,2
240,1,1,1
240,2,2,2
240,3,3,3
240,4,4,4
241,15,1,1
241,5,2,3
241,1,3,5
241,11,4,7
241,8,5,9
241,4,6,11
241,14,7,13
241,10,8,15
241,12,9,16
241,16,10,14
241,3,11,12
241,7,12,10
241,9,13,8
241,13,14,6
241,2,15,4
241,6,16,2
242,1,14,27
242,2,5,9
242,3,7,13
242,4,10,19
242,5,15,29
242,6,9,17
242,7,11,21
242,8,12,23
242,9,4,7
242,10,6,11
242,11,13,25
242,12,2,3
242,13,1,1
242,14,8,15
242,15,16,31
242,16,3,5
242,17,25,16
242,18,24,18
242,19,27,12
242,20,20,26
242,21,22,22
242,22,26,14
242,23,29,8
242,24,17,32
242,25,28,10
242,26,19,28
242,27,23,20
242,28,31,4
242,29,30,6
242,30,18,30
242,31,21,24
242,32,32,2
243,1,14,27
243,2,5,9
243,3,7,13
243,4,10,19
243,5,15,29
243,6,9,17
243,7,11,21
243,8,12,23
243,9,4,7
243,10,6,11
243,11,13,25
243,12,2,3
243,13,1,1
243,14,8,15
243,15,16,31
243,16,3,5
243,17,25,16
243,18,24,18
243,19,27,12
243,20,20,26
243,21,22,22
243,22,26,14
243,23,29,8
243,24,17,32
243,25,28,10
243,26,19,28
243,27,23,20
243,28,31,4
243,29,30,6
243,30,18,30
243,31,21,24
243,32,32,2
244,1,1,1
244,2,2,2
244,3,3,3
244,4,4,4
244,5,5,5
244,6,6,6
244,7,7,7
244,8,8,8
244,9,9,9
244,10,10,10
244,11,11,11
244,12,12,12
244,13,13,13
244,14,14,14
244,15,15,15
244,16,16,16
244,17,17,17
244,18,18,18
244,19,19,19
244,20,20,20
244,21,21,21
244,22,22,22
244,23,23,23
244,24,24,24
244,25,25,25
244,26,26,26
244,27,27,27
244,28,28,28
244,29,29,29
244,30,30,30
244,31,31,31
244,32,32,32
244,33,33,33
244,34,34,34
244,35,35,35
244,36,36,36
244,37,37,37
244,38,38,38
244,39,39,39
244,40,40,40
244,41,41,41
244,42,42,42
244,43,43,43
244,44,44,44
244,45,45,45
244,46,46,46
244,47,47,47
244,48,48,48
244,49,49,49
244,50,50,50
244,51,51,51
244,52,52,52
244,53,53,53
244,54,54,54
244,55,55,55
244,56,56,56
244,57,57,57
244,58,58,58
244,59,59,59
244,60,60,60
244,61,61,61
244,62,62,62
244,63,63,63
244,64,64,64
245,1,11,21
245,2,8,15
245,3,2,3
245,4,6,11
245,5,12,23
245,6,7,13
245,7,1,1
245,8,15,29
245,9,14,27
245,10,4,7
245,11,10,19
245,12,16,31
245,13,9,17
245,14,5,9
245,15,13,25
245,16,3,5
245,17,23,20
245,18,17,32
245,19,19,28
245,20,29,8
245,21,22,22
245,22,30,6
245,23,24,18
245,24,18,30
245,25,31,4
245,26,28,10
245,27,21,24
245,28,25,16
245,29,32,2
245,30,27,12
245,31,20,26
245,32,26,14
246,15,1,1
246,6,2,2
246,5,3,3
246,2,4,4
246,1,5,5
246,13,6,6
246,11,7,7
246,9,8,8
246,8,9,9
246,7,10,10
246,4,11,11
246,3,12,12
246,14,13,13
246,16,14,14
246,10,15,15
246,12,16,16
247,1,1,1
247,2,14,15
247,3,13,13
247,4,4,2
247,5,3,4
247,6,11,12
247,7,12,10
247,8,5,5
247,9,15,16
247,10,8,6
247,11,2,3
247,12,9,9
247,13,16,14
247,14,7,8
247,15,6,7
247,16,10,11
248,8,1,1
248,11,8,2
248,15,2,3
248,10,7,4
248,4,3,5
248,1,6,6
248,5,4,7
248,14,5,8
248,12,9,9
248,6,16,10
248,9,10,11
248,7,15,12
248,16,11,13
248,2,14,14
248,13,12,15
248,3,13,16
248,39,17,17
248,37,24,18
248,35,18,19
248,47,23,20
248,48,19,21
248,36,22,22
248,42,20,23
248,46,21,24
248,33,25,25
248,44,32,26
248,41,26,27
248,40,31,28
248,45,27,29
248,43,30,30
248,34,28,31
248,38,29,32
248,50,33,33
248,53,40,34
248,56,34,35
248,51,39,36
248,49,35,37
248,55,38,38
248,64,36,39
248,60,37,40
248,59,41,41
248,61,48,42
248,63,42,43
248,57,47,44
248,62,43,45
248,54,46,46
248,58,44,47
248,52,45,48
248,32,49,49
248,18,56,50
248,29,50,51
248,19,55,52
248,28,51,53
248,22,54,54
248,25,52,55
248,23,53,56
248,17,57,57
248,24,64,58
248,20,58,59
248,31,63,60
248,21,59,61
248,30,62,62
248,26,60,63
248,27,61,64
249,8,1,1
249,11,8,2
249,15,2,3
249,10,7,4
249,4,3,5
249,1,6,6
249,5,4,7
249,14,5,8
249,12,9,9
249,6,16,10
249,9,10,11
249,7,15,12
249,16,11,13
249,2,14,14
249,13,12,15
249,3,13,16
249,39,17,17
249,37,24,18
249,35,18,19
249,47,23,20
249,48,19,21
249,36,22,22
249,42,20,23
249,46,21,24
249,33,25,25
249,44,32,26
249,41,26,27
249,40,31,28
249,45,27,29
249,43,30,30
249,34,28,31
249,38,29,32
249,50,33,33
249,53,40,34
249,56,34,35
249,51,39,36
249,49,35,37
249,55,38,38
249,64,36,39
249,60,37,40
249,59,41,41
249,61,48,42
249,63,42,43
249,57,47,44
249,62,43,45
249,54,46,46
249,58,44,47
249,52,45,48
249,32,49,49
249,18,56,50
249,29,50,51
249,19,55,52
249,28,51,53
249,22,54,54
249,25,52,55
249,23,53,56
249,17,57,57
249,24,64,58
249,20,58,59
249,31,63,60
249,21,59,61
249,30,62,62
249,26,60,63
249,27,61,64
250,8,1,1
250,11,8,2
250,15,2,3
250,10,7,4
250,4,3,5
250,1,6,6
250,5,4,7
250,14,5,8
250,12,9,9
250,6,16,10
250,9,10,11
250,7,15,12
250,16,11,13
250,2,14,14
250,13,12,15
250,3,13,16
250,39,17,17
250,37,24,18
250,35,18,19
250,47,23,20
250,48,19,21
250,36,22,22
250,42,20,23
250,46,21,24
250,33,25,25
250,44,32,26
250,41,26,27
250,40,31,28
250,45,27,29
250,43,30,30
250,34,28,31
250,38,29,32
250,50,33,33
250,53,40,34
250,56,34,35
250,51,39,36
250,49,35,37
250,55,38,38
250,64,36,39
250,60,37,40
250,59,41,41
250,61,48,42
250,63,42,43
250,57,47,44
250,62,43,45
250,54,46,46
250,58,44,47
250,52,45,48
250,32,49,49
250,18,56,50
250,29,50,51
250,19,55,52
250,28,51,53
250,22,54,54
250,25,52,55
250,23,53,56
250,17,57,57
250,24,64,58
250,20,58,59
250,31,63,60
250,21,59,61
250,30,62,62
250,26,60,63
250,27,61,64
251,8,1,1
251,11,8,2
251,15,2,3
251,10,7,4
251,4,3,5
251,1,6,6
251,5,4,7
251,14,5,8
251,12,9,9
251,6,16,10
251,9,10,11
251,7,15,12
251,16,11,13
251,2,14,14
251,13,12,15
251,3,13,16
251,39,17,17
251,37,24,18
251,35,18,19
251,47,23,20
251,48,19,21
251,36,22,22
251,42,20,23
251,46,21,24
251,33,25,25
251,44,32,26
251,41,26,27
251,40,31,28
251,45,27,29
251,43,30,30
251,34,28,31
251,38,29,32
251,50,33,33
251,53,40,34
251,56,34,35
251,51,39,36
251,49,35,37
251,55,38,38
251,64,36,39
251,60,37,40
251,59,41,41
251,61,48,42
251,63,42,43
251,57,47,44
251,62,43,45
251,54,46,46
251,58,44,47
251,52,45,48
251,32,49,49
251,18,56,50
251,29,50,51
251,19,55,52
251,28,51,53
251,22,54,54
251,25,52,55
251,23,53,56
251,17,57,57
251,24,64,58
251,20,58,59
251,31,63,60
251,21,59,61
251,30,62,62
251,26,60,63
251,27,61,64
252,1,1,7
252,2,5,4
252,3,6,3
252,4,2,8
252,5,3,6
252,6,7,2
252,7,8,1
252,8,4,5
252,9,13,13
252,10,12,12
252,11,11,11
252,12,14,14
252,13,16,15
252,14,10,10
252,15,9,9
252,16,15,16
253,1,11,21
253,2,8,15
253,3,2,3
253,4,6,11
253,5,12,23
253,6,7,13
253,7,1,1
253,8,15,29
253,9,14,27
253,10,4,7
253,11,10,19
253,12,16,31
253,13,9,17
253,14,5,9
253,15,13,25
253,16,3,5
253,17,23,20
253,18,17,32
253,19,19,28
253,20,29,8
253,21,22,22
253,22,30,6
253,23,24,18
253,24,18,30
253,25,31,4
253,26,28,10
253,27,21,24
253,28,25,16
253,29,32,2
253,30,27,12
253,31,20,26
253,32,26,14
255,34,37,41
255,35,43,44
255,38,36,39
255,39,41,48
255,64,24,31
255,61,29,24
255,60,22,27
255,57,28,26
255,1,3,5
255,4,7,13
255,5,30,22
255,8,1,1
255,15,31,20
255,14,2,3
255,11,32,18
255,10,9,16
255,9,5,9
255,12,4,7
255,13,11,12
255,16,6,11
255,23,59,60
255,22,54,59
255,19,61,56
255,18,60,58
255,17,56,63
255,20,33,33
255,21,63,52
255,24,34,35
255,31,64,50
255,30,35,37
255,27,58,62
255,26,62,54
255,2,13,8
255,3,8,15
255,6,15,4
255,7,10,14
255,32,55,61
255,29,50,51
255,28,57,64
255,25,52,55
255,33,44,42
255,36,51,53
255,37,46,38
255,40,53,57
255,47,48,34
255,46,49,49
255,43,42,46
255,42,47,36
255,41,45,40
255,44,40,47
255,45,39,45
255,48,38,43
255,55,27,28
255,54,26,30
255,51,20,23
255,50,25,32
255,49,18,19
255,52,23,29
255,53,16,2
255,56,17,17
255,63,12,10
255,62,19,21
255,59,14,6
255,58,21,25
256,1,1,1
256,2,8,8
256,3,5,5
256,4,3,3
256,5,2,2
256,6,6,6
256,7,4,4
256,8,7,7
256,9,13,13
256,10,10,10
256,11,11,11
256,12,15,15
256,13,14,14
256,14,12,12
256,15,9,9
256,16,16,16
257,1,3,6
257,2,15,16
257,3,11,11
257,4,6,3
257,5,2,8
257,6,16,15
257,7,12,12
257,8,5,4
257,9,13,13
257,10,8,1
257,11,4,5
257,12,9,9
257,13,14,14
257,14,7,2
257,15,1,7
257,16,10,10
258,17,11,11
258,18,7,2
258,19,10,10
258,20,2,8
258,21,9,9
258,22,4,5
258,23,13,13
258,24,1,7
258,25,14,14
258,26,3,6
258,27,6,3
258,28,15,16
258,29,12,12
258,30,5,4
258,31,8,1
258,32,16,15
259,17,13,13
259,18,8,1
259,19,9,9
259,20,6,3
259,21,16,15
259,22,7,2
259,23,10,10
259,24,5,4
259,25,15,16
259,26,2,8
259,27,4,5
259,28,11,11
259,29,14,14
259,30,3,6
259,31,1,7
259,32,12,12
260,1,15,16
260,2,11,11
260,3,6,3
260,4,8,1
260,5,9,9
260,6,12,12
260,7,5,4
260,8,1,7
260,9,13,13
260,10,3,6
260,11,14,14
260,12,4,5
260,13,10,10
260,14,2,8
260,15,16,15
260,16,7,2
261,1,7,2
261,2,11,11
261,3,15,16
261,4,2,8
261,5,6,3
261,6,12,12
261,7,14,14
261,8,3,6
261,9,13,13
261,10,1,7
261,11,4,5
261,12,16,15
261,13,10,10
261,14,8,1
261,15,5,4
261,16,9,9
